path,name_ar,kind,account_manager,vendor,description,description_ar,stage,target_date,target,ADT,Medication Prescribe V1,Medication Prescribe V2,Medication Dispense V1,Medication Dispense V2,Radiology Order,Radiology Report,Lab Order,Lab Results,Clinical Notes
UHR > Demo Portfolio,المحفظة التجريبية,Programme,Abdulaziz Alsaloom,,"DEMO DATA. Every organization, vendor and person below this node is invented. Delete this one branch to reset the workspace before the real structure is imported.",بيانات تجريبية. جميع المنشآت والموردين والأشخاص أدناه غير حقيقيين، ويُحذف هذا الفرع بالكامل قبل استيراد الهيكل الفعلي.,,,,,,,,,,,,,
UHR > Demo Portfolio > Associate Directorate Alpha,الإدارة المساعدة ألفا,Programme,,,"The larger of the two directorates: three account books, and the sites that came in with the first onboarding wave.",الأكبر بين الإدارتين: ثلاث محافظ حسابات، والمنشآت التي انضمت في موجة التأهيل الأولى.,,2027-06-30,120,,,,,,,,,,
UHR > Demo Portfolio > Associate Directorate Alpha > Account Book One,محفظة الحسابات الأولى,,Abdulaziz Alsaloom,,"104 organizations, managed end to end by one account manager.",104 منشأة يديرها مدير حساب واحد.,,2026-12-31,45,,,,,,,,,,
UHR > Demo Portfolio > Associate Directorate Alpha > Account Book One > Hospitals,المستشفيات,,,,21 hospitals in account book one.,,,,,,,,,,,,,,
UHR > Demo Portfolio > Associate Directorate Alpha > Account Book One > Hospitals > Bahar Maternity Hospital,مستشفى بهار للولادة,Organization,Abdulaziz Alsaloom,Demo Vendor Alpha,,,Go-live readiness,2026-12-13,,,,,,,,,,,
UHR > Demo Portfolio > Associate Directorate Alpha > Account Book One > Hospitals > Sadaf General Hospital,مستشفى صدف العام,Organization,Abdulaziz Alsaloom,Demo Vendor Alpha,,,Integrating & Testing,,,testing,,,,,,,,,
UHR > Demo Portfolio > Associate Directorate Alpha > Account Book One > Hospitals > Jumana Community Hospital,مستشفى جمانة المجتمعي,Organization,Abdulaziz Alsaloom,Demo Vendor Alpha,,,Integrating & Testing,2027-04-09,,,,,,,,,,,
UHR > Demo Portfolio > Associate Directorate Alpha > Account Book One > Hospitals > Wafeer Maternity Hospital,مستشفى وفير للولادة,Organization,Abdulaziz Alsaloom,Demo Vendor Beta,428-bed maternity hospital serving the southern catchment. Onboarding agreed and nothing has begun. Volumes are seasonal and the go-live window avoids the peak.,منشأة بسعة 428 سريراً تخدم النطاق الجنوبي. مدرج ضمن خطة هذا العام ولم يبدأ بعد.,Not started,,,,,,,,,,,,
UHR > Demo Portfolio > Associate Directorate Alpha > Account Book One > Hospitals > Diya Specialist Hospital,مستشفى ضياء التخصصي,Organization,Abdulaziz Alsaloom,Demo Vendor Delta,,,UAT,,,,,,,,,,,,
UHR > Demo Portfolio > Associate Directorate Alpha > Account Book One > Hospitals > Nudar Specialist Hospital,,Organization,Abdulaziz Alsaloom,Demo Vendor Alpha,,,,,,planned,,,,,planned,,planned,planned,planned
UHR > Demo Portfolio > Associate Directorate Alpha > Account Book One > Hospitals > Zumurrud General Hospital,,Organization,Abdulaziz Alsaloom,Demo Vendor Beta,,,Integrating & Testing,2027-03-06,,testing,,,,,,,,,planned
UHR > Demo Portfolio > Associate Directorate Alpha > Account Book One > Hospitals > Dhikra Maternity Hospital,مستشفى ذكرى للولادة,Organization,Abdulaziz Alsaloom,Demo Vendor Beta,86-bed maternity hospital serving the northern catchment. Kickoff done and the technical contacts are named on both sides.,منشأة بسعة 86 سريراً تخدم النطاق الشمالي. اكتمل اجتماع الانطلاق وحُددت جهات الاتصال الفنية.,Kickoff,,,planned,,,,planned,planned,planned,planned,planned,planned
UHR > Demo Portfolio > Associate Directorate Alpha > Account Book One > Hospitals > Ward Specialist Hospital,,Organization,Abdulaziz Alsaloom,Demo Vendor Alpha,,,Live,,,live,live,live,live,live,live,live,live,live,live
UHR > Demo Portfolio > Associate Directorate Alpha > Account Book One > Hospitals > Almas Community Hospital,,Organization,Abdulaziz Alsaloom,Demo Vendor Gamma,211-bed community hospital serving the northern catchment. On the list for this year; no work has started.,,Not started,,,planned,,,,,,,,,planned
UHR > Demo Portfolio > Associate Directorate Alpha > Account Book One > Hospitals > Nasaem General Hospital,مستشفى نسائم العام,Organization,Abdulaziz Alsaloom,Demo Vendor Alpha,,,,,,,,,,,,,,,
UHR > Demo Portfolio > Associate Directorate Alpha > Account Book One > Hospitals > Reehan Community Hospital,,Organization,,Demo Vendor Beta,120-bed community hospital serving the western catchment. Kickoff held with the vendor; the interface catalogue is being confirmed.,,Kickoff,,,planned,,,,,,planned,planned,planned,planned
UHR > Demo Portfolio > Associate Directorate Alpha > Account Book One > Hospitals > Rabee Maternity Hospital,,Organization,,Demo Vendor Beta,"326-bed maternity hospital serving the coastal catchment. Build under way, held up on the identity feed.",,Integrating & Testing,2027-02-18,,,,,,,,,,,
UHR > Demo Portfolio > Associate Directorate Alpha > Account Book One > Hospitals > Sanam Maternity Hospital,مستشفى سنام للولادة,Organization,Abdulaziz Alsaloom,Demo Vendor Alpha,409-bed maternity hospital serving the southern catchment. Interfaces are being built against the sandbox.,منشأة بسعة 409 سريراً تخدم النطاق الجنوبي. يجري بناء الواجهات على البيئة التجريبية.,Integrating & Testing,,,,,,,,,,,,
UHR > Demo Portfolio > Associate Directorate Alpha > Account Book One > Hospitals > Dorra Maternity Hospital,مستشفى درة للولادة,Organization,Abdulaziz Alsaloom,Demo Vendor Alpha,321-bed maternity hospital serving the western catchment. Onboarding agreed and nothing has begun.,منشأة بسعة 321 سريراً تخدم النطاق الغربي. مدرج ضمن خطة هذا العام ولم يبدأ بعد.,Not started,,,,,,,,,,,,
UHR > Demo Portfolio > Associate Directorate Alpha > Account Book One > Hospitals > Salsabeel Community Hospital,,Organization,Abdulaziz Alsaloom,Demo Vendor Alpha,199-bed community hospital serving the inland catchment. Recorded for completeness while the onboarding order is decided.,,,,,planned,planned,planned,,,,,planned,testing,planned
UHR > Demo Portfolio > Associate Directorate Alpha > Account Book One > Hospitals > Areej Maternity Hospital,مستشفى أريج للولادة,Organization,Abdulaziz Alsaloom,Demo Vendor Alpha,532-bed maternity hospital serving the coastal catchment. Scope not agreed yet; the first scoping session is being arranged.,منشأة بسعة 532 سريراً تخدم النطاق الساحلي. لم يُتفق على النطاق بعد.,,,,planned,,,,,,,planned,testing,planned
UHR > Demo Portfolio > Associate Directorate Alpha > Account Book One > Hospitals > Falak Specialist Hospital,مستشفى فلك التخصصي,Organization,,Demo Vendor Alpha,108-bed specialist hospital serving the western catchment. Kickoff held with the vendor; the interface catalogue is being confirmed.,منشأة بسعة 108 سريراً تخدم النطاق الغربي. عُقد اجتماع الانطلاق مع المورد.,Kickoff,,,,,,,,,,,,
UHR > Demo Portfolio > Associate Directorate Alpha > Account Book One > Hospitals > Qamar Maternity Hospital,مستشفى قمر للولادة,Organization,Abdulaziz Alsaloom,Demo Vendor Alpha,445-bed maternity hospital serving the northern catchment. Message mapping is in progress; the first end-to-end call has been made.,منشأة بسعة 445 سريراً تخدم النطاق الشمالي. ربط الرسائل قيد التنفيذ.,Integrating & Testing,,,,,,,,,,,,
UHR > Demo Portfolio > Associate Directorate Alpha > Account Book One > Hospitals > Safaa General Hospital,,Organization,Abdulaziz Alsaloom,Demo Vendor Delta,347-bed general hospital serving the northern catchment. Scope not agreed yet; the first scoping session is being arranged.,,,,,,,,,,,,,,
UHR > Demo Portfolio > Associate Directorate Alpha > Account Book One > Hospitals > Nasim Community Hospital,,Organization,Abdulaziz Alsaloom,Demo Vendor Alpha,"40-bed community hospital serving the inland catchment. Contracted, with no integration work scheduled. The clinical team has asked for a second training round before the next capability is switched on.",,,,,,,,,,,,,,
UHR > Demo Portfolio > Associate Directorate Alpha > Account Book One > Clinics,العيادات,,,,23 clinics in account book one.,,,,,,,,,,,,,,
UHR > Demo Portfolio > Associate Directorate Alpha > Account Book One > Clinics > Reeman Dental Clinic,,Organization,Abdulaziz Alsaloom,,,,Kickoff,,,,,,,,,,,,
UHR > Demo Portfolio > Associate Directorate Alpha > Account Book One > Clinics > Amal Dental Clinic,,Organization,Abdulaziz Alsaloom,Demo Vendor Beta,,,,,,,,,,,,,,,
UHR > Demo Portfolio > Associate Directorate Alpha > Account Book One > Clinics > Narjis Clinic,عيادة نرجس,Organization,Abdulaziz Alsaloom,Demo Vendor Alpha,10-room clinic serving the southern catchment. Recorded for completeness while the onboarding order is decided.,منشأة بـ 10 غرف تخدم النطاق الجنوبي. لم يُتفق على النطاق بعد.,,,,planned,,,,,,,,,
UHR > Demo Portfolio > Associate Directorate Alpha > Account Book One > Clinics > Basma Family Clinic,عيادة بسمة للأسرة,Organization,Abdulaziz Alsaloom,Demo Vendor Delta,6-room family clinic serving the southern catchment. Scope not agreed yet; the first scoping session is being arranged.,منشأة بـ 6 غرف تخدم النطاق الجنوبي. تم التعاقد ولم تُجدول أعمال التكامل.,,,,,,,,,,,,,
UHR > Demo Portfolio > Associate Directorate Alpha > Account Book One > Clinics > Ufuq Family Clinic,عيادة أفق للأسرة,Organization,Abdulaziz Alsaloom,Demo Vendor Alpha,14-room family clinic serving the eastern catchment. Testing signed off and a go-live window is being booked.,منشأة بـ 14 غرف تخدم النطاق الشرقي. اكتمل الاختبار ويجري حجز موعد الإطلاق.,Go-live readiness,,,testing,,,,,,,,,
UHR > Demo Portfolio > Associate Directorate Alpha > Account Book One > Clinics > Marjan Family Clinic,عيادة مرجان للأسرة,Organization,Abdulaziz Alsaloom,Demo Vendor Alpha,"9-room family clinic serving the coastal catchment. Build under way, held up on the identity feed.",منشأة بـ 9 غرف تخدم النطاق الساحلي. يجري بناء الواجهات على البيئة التجريبية.,Integrating & Testing,,,planned,,,,,,,,,
UHR > Demo Portfolio > Associate Directorate Alpha > Account Book One > Clinics > Nudar Family Clinic,عيادة نضار للأسرة,Organization,Abdulaziz Alsaloom,Demo Vendor Alpha,12-room family clinic serving the western catchment. On the list for this year; no work has started.,منشأة بـ 12 غرف تخدم النطاق الغربي. متفق على التأهيل ولم يبدأ العمل.,Not started,,,,,,,,,,,,
UHR > Demo Portfolio > Associate Directorate Alpha > Account Book One > Clinics > Aqeeq Dental Clinic,عيادة عقيق للأسنان,Organization,Abdulaziz Alsaloom,Demo Vendor Epsilon,,,Integrating & Testing,,,,,,,,,,,,
UHR > Demo Portfolio > Associate Directorate Alpha > Account Book One > Clinics > Misk Family Clinic,عيادة مسك للأسرة,Organization,Abdulaziz Alsaloom,,13-room family clinic serving the eastern catchment. On the list for this year; no work has started.,منشأة بـ 13 غرف تخدم النطاق الشرقي. مدرج ضمن خطة هذا العام ولم يبدأ بعد.,Not started,,,,,,,,,,,,
UHR > Demo Portfolio > Associate Directorate Alpha > Account Book One > Clinics > Ghaf Family Clinic,,Organization,Abdulaziz Alsaloom,Demo Vendor Alpha,,,Kickoff,,,,,,,,,,,,
UHR > Demo Portfolio > Associate Directorate Alpha > Account Book One > Clinics > Sadeem Dental Clinic,عيادة سديم للأسنان,Organization,Abdulaziz Alsaloom,Demo Vendor Gamma,,,Kickoff,,,,,,,,,,,,
UHR > Demo Portfolio > Associate Directorate Alpha > Account Book One > Clinics > Ghaim Family Clinic,,Organization,,Demo Vendor Alpha,3-room family clinic serving the inland catchment. Message mapping is in progress; the first end-to-end call has been made.,,Integrating & Testing,,,testing,,,,,,,,,
UHR > Demo Portfolio > Associate Directorate Alpha > Account Book One > Clinics > Firuz Family Clinic,عيادة فيروز للأسرة,Organization,Abdulaziz Alsaloom,Demo Vendor Beta,,,Kickoff,,,planned,planned,,,,,,,,testing
UHR > Demo Portfolio > Associate Directorate Alpha > Account Book One > Clinics > Layali Family Clinic,,Organization,Abdulaziz Alsaloom,Demo Vendor Alpha,6-room family clinic serving the inland catchment. In integration testing with the vendor.,,UAT,2027-07-12,,,,,,,,,,,
UHR > Demo Portfolio > Associate Directorate Alpha > Account Book One > Clinics > Sadaf Dental Clinic,عيادة صدف للأسنان,Organization,Abdulaziz Alsaloom,Demo Vendor Alpha,13-room dental clinic serving the southern catchment. Kickoff held with the vendor; the interface catalogue is being confirmed.,منشأة بـ 13 غرف تخدم النطاق الجنوبي. اكتمل اجتماع الانطلاق وحُددت جهات الاتصال الفنية.,Kickoff,,,planned,planned,,,,,,,,
UHR > Demo Portfolio > Associate Directorate Alpha > Account Book One > Clinics > Wafa Dental Clinic,,Organization,Abdulaziz Alsaloom,Demo Vendor Epsilon,,,,,,,,,,,,,,,
UHR > Demo Portfolio > Associate Directorate Alpha > Account Book One > Clinics > Khuzama Family Clinic,,Organization,Abdulaziz Alsaloom,Demo Vendor Beta,3-room family clinic serving the western catchment. Scope not agreed yet; the first scoping session is being arranged.,,,,,,,,,,,,,,
UHR > Demo Portfolio > Associate Directorate Alpha > Account Book One > Clinics > Buraq Dental Clinic,,Organization,Abdulaziz Alsaloom,Demo Vendor Alpha,"13-room dental clinic serving the northern catchment. Live since the last release window, with support in hypercare.",,Live,,,live,live,live,live,live,live,live,live,live,live
UHR > Demo Portfolio > Associate Directorate Alpha > Account Book One > Clinics > Yaqoot Dental Clinic,,Organization,Abdulaziz Alsaloom,Demo Vendor Beta,7-room dental clinic serving the eastern catchment. Testing signed off and a go-live window is being booked.,,Go-live readiness,,,live,live,,,,testing,live,,testing,testing
UHR > Demo Portfolio > Associate Directorate Alpha > Account Book One > Clinics > Anbar Family Clinic,,Organization,Abdulaziz Alsaloom,Demo Vendor Delta,"5-room family clinic serving the coastal catchment. Live since the last release window, with support in hypercare.",,Live,,,,,,,,,,,,
UHR > Demo Portfolio > Associate Directorate Alpha > Account Book One > Clinics > Yaqeen Dental Clinic,عيادة يقين للأسنان,Organization,Abdulaziz Alsaloom,Demo Vendor Alpha,"16-room dental clinic serving the western catchment. Live since the last release window, with support in hypercare.",منشأة بـ 16 غرف تخدم النطاق الغربي. في الإنتاج ويرسل الأحجام اليومية.,Live,,,live,live,live,live,live,live,live,live,live,live
UHR > Demo Portfolio > Associate Directorate Alpha > Account Book One > Clinics > Sanam Family Clinic,عيادة سنام للأسرة,Organization,Abdulaziz Alsaloom,,4-room family clinic serving the coastal catchment. Scope not agreed yet; the first scoping session is being arranged.,منشأة بـ 4 غرف تخدم النطاق الساحلي. لم يُتفق على النطاق بعد.,,,,,,,,,,,,,
UHR > Demo Portfolio > Associate Directorate Alpha > Account Book One > Clinics > Areej Dental Clinic,عيادة أريج للأسنان,Organization,,Demo Vendor Beta,15-room dental clinic serving the western catchment. User acceptance testing is running with the clinical team. The clinical team has asked for a second training round before the next capability is switched on.,منشأة بـ 15 غرف تخدم النطاق الغربي. قيد اختبار التكامل مع المورد.,UAT,,,,,,,,,,,,
UHR > Demo Portfolio > Associate Directorate Alpha > Account Book One > Laboratories,المختبرات,,,,14 laboratories in account book one.,,,,,,,,,,,,,,
UHR > Demo Portfolio > Associate Directorate Alpha > Account Book One > Laboratories > Sadeem Laboratory,مختبر سديم,Organization,Abdulaziz Alsaloom,Demo Vendor Alpha,17-bench laboratory serving the eastern catchment. Recorded for completeness while the onboarding order is decided.,منشأة بـ 17 منصات فحص تخدم النطاق الشرقي. لم يُتفق على النطاق بعد.,,,,,,,,,,,,,
UHR > Demo Portfolio > Associate Directorate Alpha > Account Book One > Laboratories > Kadi Diagnostic Laboratory,مختبر كادي للتشخيص,Organization,Abdulaziz Alsaloom,,23-bench diagnostic laboratory serving the inland catchment. Testing is complete on the first two capabilities and continuing on the rest.,منشأة بـ 23 منصات فحص تخدم النطاق الداخلي. قيد اختبار التكامل مع المورد.,UAT,2027-04-15,,,,,,,,,,,
UHR > Demo Portfolio > Associate Directorate Alpha > Account Book One > Laboratories > Hana Laboratory,مختبر هناء,Organization,Abdulaziz Alsaloom,Demo Vendor Alpha,,,,,,,,,,,,,planned,,
UHR > Demo Portfolio > Associate Directorate Alpha > Account Book One > Laboratories > Arak Laboratory,مختبر أراك,Organization,Abdulaziz Alsaloom,Demo Vendor Beta,7-bench laboratory serving the northern catchment. Message mapping is in progress; the first end-to-end call has been made.,منشأة بـ 7 منصات فحص تخدم النطاق الشمالي. يجري بناء الواجهات على البيئة التجريبية.,Integrating & Testing,,,,planned,,,,,planned,testing,testing,
UHR > Demo Portfolio > Associate Directorate Alpha > Account Book One > Laboratories > Duha Laboratory,,Organization,Abdulaziz Alsaloom,,19-bench laboratory serving the southern catchment. Scope not agreed yet; the first scoping session is being arranged.,,,,,,,,,,,,testing,planned,
UHR > Demo Portfolio > Associate Directorate Alpha > Account Book One > Laboratories > Talh Diagnostic Laboratory,مختبر طلح للتشخيص,Organization,Abdulaziz Alsaloom,Demo Vendor Alpha,,,,,,planned,planned,,,,,,planned,testing,
UHR > Demo Portfolio > Associate Directorate Alpha > Account Book One > Laboratories > Tibr Reference Laboratory,,Organization,Abdulaziz Alsaloom,Demo Vendor Gamma,23-bench reference laboratory serving the western catchment. On the list for this year; no work has started.,,Not started,,,planned,planned,,,,,,planned,planned,
UHR > Demo Portfolio > Associate Directorate Alpha > Account Book One > Laboratories > Rabee Reference Laboratory,مختبر ربيع المرجعي,Organization,Abdulaziz Alsaloom,Demo Vendor Alpha,,,Go-live readiness,,,testing,testing,,,,,,live,live,
UHR > Demo Portfolio > Associate Directorate Alpha > Account Book One > Laboratories > Zuhal Reference Laboratory,مختبر زحل المرجعي,Organization,Abdulaziz Alsaloom,Demo Vendor Beta,30-bench reference laboratory serving the southern catchment. Message mapping is in progress; the first end-to-end call has been made. The clinical team has asked for a second training round before the next capability is switched on.,منشأة بـ 30 منصات فحص تخدم النطاق الجنوبي. ربط الرسائل قيد التنفيذ.,Integrating & Testing,,,,,,,,,,testing,,
UHR > Demo Portfolio > Associate Directorate Alpha > Account Book One > Laboratories > Zaytoon Laboratory,,Organization,Abdulaziz Alsaloom,Demo Vendor Gamma,,,,,,,,,,,planned,testing,planned,planned,
UHR > Demo Portfolio > Associate Directorate Alpha > Account Book One > Laboratories > Buraq Diagnostic Laboratory,مختبر براق للتشخيص,Organization,Abdulaziz Alsaloom,Demo Vendor Alpha,"21-bench diagnostic laboratory serving the coastal catchment. Contracted, with no integration work scheduled.",منشأة بـ 21 منصات فحص تخدم النطاق الساحلي. تم التعاقد ولم تُجدول أعمال التكامل.,,,,,,,,,,,,,
UHR > Demo Portfolio > Associate Directorate Alpha > Account Book One > Laboratories > Samar Diagnostic Laboratory,مختبر سمر للتشخيص,Organization,Abdulaziz Alsaloom,Demo Vendor Alpha,26-bench diagnostic laboratory serving the inland catchment. Testing signed off and a go-live window is being booked.,منشأة بـ 26 منصات فحص تخدم النطاق الداخلي. اكتمل الاختبار ويجري حجز موعد الإطلاق.,Go-live readiness,2027-02-10,,,,,,,,,,,
UHR > Demo Portfolio > Associate Directorate Alpha > Account Book One > Laboratories > Ilham Diagnostic Laboratory,مختبر إلهام للتشخيص,Organization,Abdulaziz Alsaloom,Demo Vendor Alpha,19-bench diagnostic laboratory serving the eastern catchment. Message mapping is in progress; the first end-to-end call has been made.,منشأة بـ 19 منصات فحص تخدم النطاق الشرقي. يجري بناء الواجهات على البيئة التجريبية.,Integrating & Testing,,,,,,planned,testing,,,planned,planned,
UHR > Demo Portfolio > Associate Directorate Alpha > Account Book One > Laboratories > Diya Laboratory,مختبر ضياء,Organization,Abdulaziz Alsaloom,Demo Vendor Alpha,20-bench laboratory serving the eastern catchment. Recorded for completeness while the onboarding order is decided.,منشأة بـ 20 منصات فحص تخدم النطاق الشرقي. لم يُتفق على النطاق بعد.,,,,,,,,,,,,,
UHR > Demo Portfolio > Associate Directorate Alpha > Account Book One > Polyclinics,المجمعات الطبية,,,,17 polyclinics in account book one.,,,,,,,,,,,,,,
UHR > Demo Portfolio > Associate Directorate Alpha > Account Book One > Polyclinics > Bilaur Polyclinic,,Organization,Abdulaziz Alsaloom,,,,UAT,2027-05-31,,,,,,,,,,,
UHR > Demo Portfolio > Associate Directorate Alpha > Account Book One > Polyclinics > Aqeeq Specialist Polyclinic,مجمع عقيق الطبي التخصصي,Organization,Abdulaziz Alsaloom,Demo Vendor Gamma,23-room specialist polyclinic serving the southern catchment. Testing signed off and a go-live window is being booked.,منشأة بـ 23 غرف تخدم النطاق الجنوبي. اكتمل الاختبار ويجري حجز موعد الإطلاق.,Go-live readiness,,,,,,,,,,,,
UHR > Demo Portfolio > Associate Directorate Alpha > Account Book One > Polyclinics > Salsabeel Polyclinic,مجمع سلسبيل الطبي,Organization,Abdulaziz Alsaloom,Demo Vendor Alpha,,,Integrating & Testing,,,planned,testing,,,,planned,,,,
UHR > Demo Portfolio > Associate Directorate Alpha > Account Book One > Polyclinics > Jumana Specialist Polyclinic,,Organization,Abdulaziz Alsaloom,Demo Vendor Alpha,,,Integrating & Testing,,,,,,,,,,,,
UHR > Demo Portfolio > Associate Directorate Alpha > Account Book One > Polyclinics > Lulwah Polyclinic,,Organization,Abdulaziz Alsaloom,Demo Vendor Alpha,,,,,,,,,,,,,,,
UHR > Demo Portfolio > Associate Directorate Alpha > Account Book One > Polyclinics > Narjis Specialist Polyclinic,مجمع نرجس الطبي التخصصي,Organization,Abdulaziz Alsaloom,Demo Vendor Gamma,,,UAT,,,planned,testing,,,,planned,,,,
UHR > Demo Portfolio > Associate Directorate Alpha > Account Book One > Polyclinics > Anbar Specialist Polyclinic,,Organization,Abdulaziz Alsaloom,Demo Vendor Alpha,"14-room specialist polyclinic serving the southern catchment. Live since the last release window, with support in hypercare.",,Live,,,live,live,,,,live,,,,planned
UHR > Demo Portfolio > Associate Directorate Alpha > Account Book One > Polyclinics > Samar Specialist Polyclinic,,Organization,Abdulaziz Alsaloom,Demo Vendor Delta,11-room specialist polyclinic serving the northern catchment. Testing is complete on the first two capabilities and continuing on the rest.,,UAT,,,,,,,,,,,,
UHR > Demo Portfolio > Associate Directorate Alpha > Account Book One > Polyclinics > Basma Polyclinic,مجمع بسمة الطبي,Organization,Abdulaziz Alsaloom,Demo Vendor Gamma,,,Paused,,,testing,planned,,,,,,,,
UHR > Demo Portfolio > Associate Directorate Alpha > Account Book One > Polyclinics > Ghuroob Day Surgery Polyclinic,,Organization,Abdulaziz Alsaloom,Demo Vendor Alpha,"27-room day surgery polyclinic serving the northern catchment. Ready to go live, waiting on the change freeze to lift.",,Go-live readiness,,,,,,,,,,,,
UHR > Demo Portfolio > Associate Directorate Alpha > Account Book One > Polyclinics > Almas Polyclinic,مجمع ألماس الطبي,Organization,Abdulaziz Alsaloom,Demo Vendor Alpha,36-room polyclinic serving the southern catchment. Testing is complete on the first two capabilities and continuing on the rest.,منشأة بـ 36 غرف تخدم النطاق الجنوبي. اختبار القبول جارٍ مع الفريق السريري.,UAT,2026-11-24,,,,,,,,,,,
UHR > Demo Portfolio > Associate Directorate Alpha > Account Book One > Polyclinics > Hana Specialist Polyclinic,,Organization,Abdulaziz Alsaloom,Demo Vendor Alpha,,,Kickoff,,,planned,planned,,,,planned,,,,planned
UHR > Demo Portfolio > Associate Directorate Alpha > Account Book One > Polyclinics > Basateen Specialist Polyclinic,,Organization,Abdulaziz Alsaloom,Demo Vendor Beta,,,Integrating & Testing,,,planned,planned,,testing,,testing,,,,planned
UHR > Demo Portfolio > Associate Directorate Alpha > Account Book One > Polyclinics > Buraq Specialist Polyclinic,مجمع براق الطبي التخصصي,Organization,Abdulaziz Alsaloom,Demo Vendor Alpha,26-room specialist polyclinic serving the coastal catchment. Interfaces are being built against the sandbox.,منشأة بـ 26 غرف تخدم النطاق الساحلي. يجري بناء الواجهات على البيئة التجريبية.,Integrating & Testing,2027-07-26,,,,,,,,,,,
UHR > Demo Portfolio > Associate Directorate Alpha > Account Book One > Polyclinics > Athl Polyclinic,مجمع أثل الطبي,Organization,Abdulaziz Alsaloom,Demo Vendor Delta,,,Live,,,live,live,,,,live,,,,
UHR > Demo Portfolio > Associate Directorate Alpha > Account Book One > Polyclinics > Wateen Polyclinic,مجمع وتين الطبي,Organization,Abdulaziz Alsaloom,Demo Vendor Epsilon,"17-room polyclinic serving the southern catchment. Contracted, with no integration work scheduled.",منشأة بـ 17 غرف تخدم النطاق الجنوبي. تم التعاقد ولم تُجدول أعمال التكامل.,,,,planned,,,,,,,,,
UHR > Demo Portfolio > Associate Directorate Alpha > Account Book One > Polyclinics > Zaytoon Polyclinic,,Organization,,Demo Vendor Alpha,24-room polyclinic serving the eastern catchment. In production and reporting daily volumes.,,Live,,,live,testing,,,,,,,,
UHR > Demo Portfolio > Associate Directorate Alpha > Account Book One > Imaging Centres,مراكز الأشعة,,,,12 imaging centres in account book one.,,,,,,,,,,,,,,
UHR > Demo Portfolio > Associate Directorate Alpha > Account Book One > Imaging Centres > Ghuroob Diagnostic Imaging Centre,,Organization,Abdulaziz Alsaloom,Demo Vendor Gamma,6-modality diagnostic imaging centre serving the southern catchment. In integration testing with the vendor.,,UAT,,,,,,,,,,,,
UHR > Demo Portfolio > Associate Directorate Alpha > Account Book One > Imaging Centres > Marjan Diagnostic Imaging Centre,,Organization,Abdulaziz Alsaloom,Demo Vendor Beta,8-modality diagnostic imaging centre serving the southern catchment. Testing is complete on the first two capabilities and continuing on the rest.,,UAT,,,,,,,,,,,,
UHR > Demo Portfolio > Associate Directorate Alpha > Account Book One > Imaging Centres > Diya Diagnostic Imaging Centre,,Organization,Abdulaziz Alsaloom,Demo Vendor Beta,8-modality diagnostic imaging centre serving the inland catchment. Interfaces are being built against the sandbox.,,Integrating & Testing,,,,,,,,planned,testing,,,
UHR > Demo Portfolio > Associate Directorate Alpha > Account Book One > Imaging Centres > Narjis Diagnostic Imaging Centre,مركز نرجس للتشخيص بالأشعة,Organization,Abdulaziz Alsaloom,,7-modality diagnostic imaging centre serving the coastal catchment. In production and reporting daily volumes.,منشأة بـ 7 أجهزة تصوير تخدم النطاق الساحلي. دخل الإنتاج في نافذة الإصدار الأخيرة.,Live,,,,,,,,,,,,
UHR > Demo Portfolio > Associate Directorate Alpha > Account Book One > Imaging Centres > Rabee Radiology Centre,مركز ربيع للتصوير الطبي,Organization,Abdulaziz Alsaloom,Demo Vendor Beta,3-modality radiology centre serving the eastern catchment. User acceptance testing is running with the clinical team.,منشأة بـ 3 أجهزة تصوير تخدم النطاق الشرقي. اختبار القبول جارٍ مع الفريق السريري.,UAT,,,,,,,,testing,,,,
UHR > Demo Portfolio > Associate Directorate Alpha > Account Book One > Imaging Centres > Marj Radiology Centre,مركز مرج للتصوير الطبي,Organization,Abdulaziz Alsaloom,Demo Vendor Alpha,"8-modality radiology centre serving the southern catchment. Build under way, held up on the identity feed.",منشأة بـ 8 أجهزة تصوير تخدم النطاق الجنوبي. يجري بناء الواجهات على البيئة التجريبية.,Integrating & Testing,,,,,,,,,,,,
UHR > Demo Portfolio > Associate Directorate Alpha > Account Book One > Imaging Centres > Talaa Diagnostic Imaging Centre,مركز طلعة للتشخيص بالأشعة,Organization,Abdulaziz Alsaloom,Demo Vendor Beta,,,Integrating & Testing,,,,,,,,testing,testing,,,
UHR > Demo Portfolio > Associate Directorate Alpha > Account Book One > Imaging Centres > Layali Radiology Centre,,Organization,Abdulaziz Alsaloom,Demo Vendor Alpha,,,,,,,,,,,,,,,
UHR > Demo Portfolio > Associate Directorate Alpha > Account Book One > Imaging Centres > Almas Imaging Centre,مركز ألماس للأشعة,Organization,Abdulaziz Alsaloom,Demo Vendor Gamma,,,Paused,,,,planned,,testing,,planned,planned,testing,testing,
UHR > Demo Portfolio > Associate Directorate Alpha > Account Book One > Imaging Centres > Yaqeen Diagnostic Imaging Centre,,Organization,Abdulaziz Alsaloom,Demo Vendor Alpha,"7-modality diagnostic imaging centre serving the northern catchment. Build under way, held up on the identity feed.",,Integrating & Testing,,,,,,,,,,,,
UHR > Demo Portfolio > Associate Directorate Alpha > Account Book One > Imaging Centres > Lujain Radiology Centre,,Organization,Abdulaziz Alsaloom,Demo Vendor Alpha,9-modality radiology centre serving the eastern catchment. In production and reporting daily volumes.,,Live,,,,,,testing,live,live,live,,live,
UHR > Demo Portfolio > Associate Directorate Alpha > Account Book One > Imaging Centres > Sana Imaging Centre,,Organization,Abdulaziz Alsaloom,Demo Vendor Alpha,"5-modality imaging centre serving the northern catchment. Build under way, held up on the identity feed.",,Integrating & Testing,2027-08-23,,,,,,,,,,,
UHR > Demo Portfolio > Associate Directorate Alpha > Account Book One > Pharmacies,الصيدليات,,,,17 pharmacies in account book one.,,,,,,,,,,,,,,
UHR > Demo Portfolio > Associate Directorate Alpha > Account Book One > Pharmacies > Wafeer Hospital Pharmacy,,Organization,Abdulaziz Alsaloom,Demo Vendor Beta,4-counter hospital pharmacy serving the southern catchment. Message mapping is in progress; the first end-to-end call has been made. Volumes are seasonal and the go-live window avoids the peak.,,Integrating & Testing,,,,,,,,,,,,
UHR > Demo Portfolio > Associate Directorate Alpha > Account Book One > Pharmacies > Samaa Pharmacy,,Organization,Abdulaziz Alsaloom,Demo Vendor Alpha,"9-counter pharmacy serving the coastal catchment. Build under way, held up on the identity feed.",,Integrating & Testing,,,,planned,,planned,testing,,,,,
UHR > Demo Portfolio > Associate Directorate Alpha > Account Book One > Pharmacies > Ward Hospital Pharmacy,صيدلية ورد للمستشفيات,Organization,Abdulaziz Alsaloom,Demo Vendor Gamma,"5-counter hospital pharmacy serving the western catchment. Live since the last release window, with support in hypercare.",منشأة بـ 5 نوافذ صرف تخدم النطاق الغربي. دخل الإنتاج في نافذة الإصدار الأخيرة.,Live,,,live,live,live,live,live,live,live,live,live,live
UHR > Demo Portfolio > Associate Directorate Alpha > Account Book One > Pharmacies > Hana Community Pharmacy,,Organization,Abdulaziz Alsaloom,Demo Vendor Epsilon,4-counter community pharmacy serving the southern catchment. Interfaces are being built against the sandbox. A second site under the same operator is expected to follow the same interface build.,,Integrating & Testing,,,,,,,,,,,,
UHR > Demo Portfolio > Associate Directorate Alpha > Account Book One > Pharmacies > Fill Hospital Pharmacy,صيدلية فل للمستشفيات,Organization,Abdulaziz Alsaloom,Demo Vendor Delta,7-counter hospital pharmacy serving the eastern catchment. Message mapping is in progress; the first end-to-end call has been made.,منشأة بـ 7 نوافذ صرف تخدم النطاق الشرقي. ربط الرسائل قيد التنفيذ.,Integrating & Testing,,,,,,,,,,,,
UHR > Demo Portfolio > Associate Directorate Alpha > Account Book One > Pharmacies > Athl Community Pharmacy,,Organization,Abdulaziz Alsaloom,Demo Vendor Alpha,"3-counter community pharmacy serving the northern catchment. Contracted, with no integration work scheduled.",,,,,,planned,,testing,planned,,,,,
UHR > Demo Portfolio > Associate Directorate Alpha > Account Book One > Pharmacies > Zuhal Hospital Pharmacy,,Organization,Abdulaziz Alsaloom,Demo Vendor Alpha,,,,,,,planned,,planned,planned,,,,,
UHR > Demo Portfolio > Associate Directorate Alpha > Account Book One > Pharmacies > Jawhara Hospital Pharmacy,صيدلية جوهرة للمستشفيات,Organization,Abdulaziz Alsaloom,Demo Vendor Delta,"5-counter hospital pharmacy serving the coastal catchment. Build under way, held up on the identity feed.",منشأة بـ 5 نوافذ صرف تخدم النطاق الساحلي. يجري بناء الواجهات على البيئة التجريبية.,Integrating & Testing,,,planned,planned,,planned,planned,,,,planned,
UHR > Demo Portfolio > Associate Directorate Alpha > Account Book One > Pharmacies > Nasaem Hospital Pharmacy,صيدلية نسائم للمستشفيات,Organization,Abdulaziz Alsaloom,Demo Vendor Alpha,,,UAT,,,,planned,,testing,testing,,,testing,,
UHR > Demo Portfolio > Associate Directorate Alpha > Account Book One > Pharmacies > Diya Community Pharmacy,,Organization,Abdulaziz Alsaloom,Demo Vendor Beta,6-counter community pharmacy serving the southern catchment. Kickoff done and the technical contacts are named on both sides.,,Kickoff,,,planned,planned,planned,planned,planned,planned,,testing,,planned
UHR > Demo Portfolio > Associate Directorate Alpha > Account Book One > Pharmacies > Duha Community Pharmacy,صيدلية ضحى المجتمعية,Organization,Abdulaziz Alsaloom,Demo Vendor Gamma,,,UAT,,,,,,,,,,,,
UHR > Demo Portfolio > Associate Directorate Alpha > Account Book One > Pharmacies > Arak Hospital Pharmacy,صيدلية أراك للمستشفيات,Organization,Abdulaziz Alsaloom,Demo Vendor Alpha,,,UAT,,,,testing,testing,live,testing,,,,,
UHR > Demo Portfolio > Associate Directorate Alpha > Account Book One > Pharmacies > Marj Community Pharmacy,صيدلية مرج المجتمعية,Organization,Abdulaziz Alsaloom,,9-counter community pharmacy serving the inland catchment. Message mapping is in progress; the first end-to-end call has been made.,منشأة بـ 9 نوافذ صرف تخدم النطاق الداخلي. ربط الرسائل قيد التنفيذ.,Integrating & Testing,,,,testing,,planned,planned,,,,,
UHR > Demo Portfolio > Associate Directorate Alpha > Account Book One > Pharmacies > Yaqeen Hospital Pharmacy,صيدلية يقين للمستشفيات,Organization,Abdulaziz Alsaloom,Demo Vendor Gamma,"6-counter hospital pharmacy serving the northern catchment. Contracted, with no integration work scheduled.",منشأة بـ 6 نوافذ صرف تخدم النطاق الشمالي. لم يُتفق على النطاق بعد.,,,,,planned,,planned,planned,planned,,,planned,
UHR > Demo Portfolio > Associate Directorate Alpha > Account Book One > Pharmacies > Bilaur Community Pharmacy,,Organization,Abdulaziz Alsaloom,Demo Vendor Alpha,"3-counter community pharmacy serving the coastal catchment. Contracted, with no integration work scheduled.",,,,,,,,,,,,,,
UHR > Demo Portfolio > Associate Directorate Alpha > Account Book One > Pharmacies > Anbar Hospital Pharmacy,صيدلية عنبر للمستشفيات,Organization,Abdulaziz Alsaloom,Demo Vendor Beta,"12-counter hospital pharmacy serving the northern catchment. Build under way, held up on the identity feed. A second site under the same operator is expected to follow the same interface build.",منشأة بـ 12 نوافذ صرف تخدم النطاق الشمالي. ربط الرسائل قيد التنفيذ.,Integrating & Testing,,,,,,,,,,,,
UHR > Demo Portfolio > Associate Directorate Alpha > Account Book One > Pharmacies > Sanam Community Pharmacy,,Organization,Abdulaziz Alsaloom,Demo Vendor Alpha,,,Go-live readiness,,,,,,,,,,,,
UHR > Demo Portfolio > Associate Directorate Alpha > Account Book Two,محفظة الحسابات الثانية,,nasser,,"92 organizations, managed end to end by one account manager.",92 منشأة يديرها مدير حساب واحد.,,2027-01-31,40,,,,,,,,,,
UHR > Demo Portfolio > Associate Directorate Alpha > Account Book Two > Hospitals,المستشفيات,,,,15 hospitals in account book two.,,,,,,,,,,,,,,
UHR > Demo Portfolio > Associate Directorate Alpha > Account Book Two > Hospitals > Layali General Hospital,,Organization,nasser,Demo Vendor Alpha,"473-bed general hospital serving the southern catchment. Contracted, with no integration work scheduled. Two of the interfaces are shared with the reference laboratory and move together.",,,,,testing,,,,,,,testing,,planned
UHR > Demo Portfolio > Associate Directorate Alpha > Account Book Two > Hospitals > Rajaa Community Hospital,,Organization,nasser,Demo Vendor Gamma,,,,,,planned,,testing,planned,,,,testing,planned,planned
UHR > Demo Portfolio > Associate Directorate Alpha > Account Book Two > Hospitals > Nakheel Maternity Hospital,,Organization,nasser,Demo Vendor Beta,287-bed maternity hospital serving the coastal catchment. Recorded for completeness while the onboarding order is decided.,,,,,,,,,,,,,,
UHR > Demo Portfolio > Associate Directorate Alpha > Account Book Two > Hospitals > Reeman Specialist Hospital,,Organization,nasser,,549-bed specialist hospital serving the eastern catchment. Kickoff held with the vendor; the interface catalogue is being confirmed.,,Kickoff,,,planned,,,,,,,,,planned
UHR > Demo Portfolio > Associate Directorate Alpha > Account Book Two > Hospitals > Kafoor Specialist Hospital,مستشفى كافور التخصصي,Organization,nasser,Demo Vendor Delta,248-bed specialist hospital serving the inland catchment. In integration testing with the vendor.,منشأة بسعة 248 سريراً تخدم النطاق الداخلي. اختبار القبول جارٍ مع الفريق السريري.,UAT,,,live,,,testing,,,,testing,testing,planned
UHR > Demo Portfolio > Associate Directorate Alpha > Account Book Two > Hospitals > Shurooq Community Hospital,,Organization,,Demo Vendor Gamma,,,,,,,,,,,,,,,
UHR > Demo Portfolio > Associate Directorate Alpha > Account Book Two > Hospitals > Fill Specialist Hospital,,Organization,nasser,Demo Vendor Alpha,,,Integrating & Testing,,,,,,,,,,,,
UHR > Demo Portfolio > Associate Directorate Alpha > Account Book Two > Hospitals > Sana Specialist Hospital,مستشفى سنا التخصصي,Organization,nasser,,"358-bed specialist hospital serving the southern catchment. Kickoff done and the technical contacts are named on both sides. The vendor has one engineer allocated, which is what sets the pace here.",منشأة بسعة 358 سريراً تخدم النطاق الجنوبي. عُقد اجتماع الانطلاق مع المورد.,Kickoff,,,planned,,,,,planned,,planned,planned,planned
UHR > Demo Portfolio > Associate Directorate Alpha > Account Book Two > Hospitals > Sahl Community Hospital,مستشفى سهل المجتمعي,Organization,nasser,Demo Vendor Alpha,,,Kickoff,,,planned,planned,testing,planned,planned,,,testing,planned,testing
UHR > Demo Portfolio > Associate Directorate Alpha > Account Book Two > Hospitals > Bilaur Specialist Hospital,مستشفى بلور التخصصي,Organization,nasser,Demo Vendor Beta,,,UAT,2026-12-02,,testing,,,,planned,,testing,testing,testing,planned
UHR > Demo Portfolio > Associate Directorate Alpha > Account Book Two > Hospitals > Anbar General Hospital,مستشفى عنبر العام,Organization,nasser,Demo Vendor Beta,,,UAT,,,,,,,,,,,,
UHR > Demo Portfolio > Associate Directorate Alpha > Account Book Two > Hospitals > Utarid Specialist Hospital,مستشفى عطارد التخصصي,Organization,,Demo Vendor Gamma,,,Integrating & Testing,,,planned,,,,,,,,,
UHR > Demo Portfolio > Associate Directorate Alpha > Account Book Two > Hospitals > Zahra Maternity Hospital,مستشفى زهرة للولادة,Organization,,Demo Vendor Beta,404-bed maternity hospital serving the western catchment. Scope not agreed yet; the first scoping session is being arranged.,منشأة بسعة 404 سريراً تخدم النطاق الغربي. تم التعاقد ولم تُجدول أعمال التكامل.,,,,planned,,,,,,,,,planned
UHR > Demo Portfolio > Associate Directorate Alpha > Account Book Two > Hospitals > Thurayya Specialist Hospital,مستشفى ثريا التخصصي,Organization,nasser,,,,Integrating & Testing,2027-06-01,,,,,,,,,,,
UHR > Demo Portfolio > Associate Directorate Alpha > Account Book Two > Hospitals > Ghaim Community Hospital,مستشفى غيم المجتمعي,Organization,nasser,Demo Vendor Delta,,,UAT,,,,,,,,,,,,
UHR > Demo Portfolio > Associate Directorate Alpha > Account Book Two > Clinics,العيادات,,,,18 clinics in account book two.,,,,,,,,,,,,,,
UHR > Demo Portfolio > Associate Directorate Alpha > Account Book Two > Clinics > Hana Dental Clinic,عيادة هناء للأسنان,Organization,nasser,Demo Vendor Alpha,15-room dental clinic serving the western catchment. Recorded for completeness while the onboarding order is decided.,منشأة بـ 15 غرف تخدم النطاق الغربي. لم يُتفق على النطاق بعد.,,,,planned,planned,,,,,,planned,planned,planned
UHR > Demo Portfolio > Associate Directorate Alpha > Account Book Two > Clinics > Nasaem Clinic,,Organization,,Demo Vendor Gamma,,,,,,planned,planned,,planned,planned,planned,planned,testing,planned,planned
UHR > Demo Portfolio > Associate Directorate Alpha > Account Book Two > Clinics > Salwa Clinic,,Organization,nasser,Demo Vendor Beta,,,Not started,,,planned,planned,planned,planned,planned,planned,planned,,planned,planned
UHR > Demo Portfolio > Associate Directorate Alpha > Account Book Two > Clinics > Arak Dental Clinic,,Organization,nasser,Demo Vendor Gamma,7-room dental clinic serving the northern catchment. Scope not agreed yet; the first scoping session is being arranged.,,,,,,,,,,,,,,
UHR > Demo Portfolio > Associate Directorate Alpha > Account Book Two > Clinics > Ward Clinic,,Organization,nasser,Demo Vendor Delta,,,Go-live readiness,,,live,,,,,,,,,
UHR > Demo Portfolio > Associate Directorate Alpha > Account Book Two > Clinics > Rabee Dental Clinic,,Organization,,Demo Vendor Beta,16-room dental clinic serving the inland catchment. Recorded for completeness while the onboarding order is decided.,,,,,testing,planned,,,,,,,,planned
UHR > Demo Portfolio > Associate Directorate Alpha > Account Book Two > Clinics > Reehan Family Clinic,عيادة ريحان للأسرة,Organization,nasser,Demo Vendor Gamma,10-room family clinic serving the western catchment. Recorded for completeness while the onboarding order is decided.,منشأة بـ 10 غرف تخدم النطاق الغربي. تم التعاقد ولم تُجدول أعمال التكامل.,,,,planned,planned,,,,,,,,planned
UHR > Demo Portfolio > Associate Directorate Alpha > Account Book Two > Clinics > Jawhara Clinic,,Organization,nasser,Demo Vendor Beta,"5-room clinic serving the northern catchment. Ready to go live, waiting on the change freeze to lift.",,Go-live readiness,,,,,,,,,,,,
UHR > Demo Portfolio > Associate Directorate Alpha > Account Book Two > Clinics > Nakheel Clinic,عيادة نخيل,Organization,nasser,Demo Vendor Epsilon,,,Live,,,live,live,live,live,live,live,live,live,live,live
UHR > Demo Portfolio > Associate Directorate Alpha > Account Book Two > Clinics > Talaa Clinic,,Organization,nasser,Demo Vendor Gamma,,,Integrating & Testing,,,,,,,,,,,,
UHR > Demo Portfolio > Associate Directorate Alpha > Account Book Two > Clinics > Thurayya Family Clinic,عيادة ثريا للأسرة,Organization,nasser,Demo Vendor Alpha,9-room family clinic serving the southern catchment. Kickoff done and the technical contacts are named on both sides.,منشأة بـ 9 غرف تخدم النطاق الجنوبي. عُقد اجتماع الانطلاق مع المورد.,Kickoff,,,,,,,,,,,,
UHR > Demo Portfolio > Associate Directorate Alpha > Account Book Two > Clinics > Kanan Clinic,,Organization,nasser,Demo Vendor Beta,6-room clinic serving the southern catchment. Kickoff held with the vendor; the interface catalogue is being confirmed.,,Kickoff,,,,,,,,,,,,
UHR > Demo Portfolio > Associate Directorate Alpha > Account Book Two > Clinics > Zaytoon Dental Clinic,,Organization,nasser,,11-room dental clinic serving the eastern catchment. On the list for this year; no work has started.,,Not started,,,planned,planned,,,,,,,,
UHR > Demo Portfolio > Associate Directorate Alpha > Account Book Two > Clinics > Rawd Family Clinic,,Organization,nasser,Demo Vendor Beta,4-room family clinic serving the eastern catchment. Message mapping is in progress; the first end-to-end call has been made.,,Integrating & Testing,,,planned,planned,,,,,,,,
UHR > Demo Portfolio > Associate Directorate Alpha > Account Book Two > Clinics > Samaa Family Clinic,عيادة سماء للأسرة,Organization,nasser,Demo Vendor Delta,,,,,,planned,planned,,,,,,,,
UHR > Demo Portfolio > Associate Directorate Alpha > Account Book Two > Clinics > Salsabeel Family Clinic,,Organization,nasser,Demo Vendor Delta,,,Integrating & Testing,2026-10-14,,planned,,,,,,,,,
UHR > Demo Portfolio > Associate Directorate Alpha > Account Book Two > Clinics > Jumana Family Clinic,,Organization,nasser,Demo Vendor Gamma,5-room family clinic serving the western catchment. Interfaces are being built against the sandbox.,,Integrating & Testing,,,,,,,,,,,,
UHR > Demo Portfolio > Associate Directorate Alpha > Account Book Two > Clinics > Shafaq Dental Clinic,عيادة شفق للأسنان,Organization,nasser,Demo Vendor Beta,,,Not started,,,,,,,,,,,,
UHR > Demo Portfolio > Associate Directorate Alpha > Account Book Two > Laboratories,المختبرات,,,,15 laboratories in account book two.,,,,,,,,,,,,,,
UHR > Demo Portfolio > Associate Directorate Alpha > Account Book Two > Laboratories > Fill Laboratory,مختبر فل,Organization,nasser,Demo Vendor Gamma,,,UAT,,,,,,testing,,,,testing,live,
UHR > Demo Portfolio > Associate Directorate Alpha > Account Book Two > Laboratories > Utarid Reference Laboratory,,Organization,nasser,Demo Vendor Alpha,,,Kickoff,,,,,,,,,,planned,planned,
UHR > Demo Portfolio > Associate Directorate Alpha > Account Book Two > Laboratories > Kanan Reference Laboratory,مختبر كنان المرجعي,Organization,nasser,Demo Vendor Beta,,,Go-live readiness,,,,,,,planned,,live,testing,live,
UHR > Demo Portfolio > Associate Directorate Alpha > Account Book Two > Laboratories > Nakheel Reference Laboratory,مختبر نخيل المرجعي,Organization,nasser,Demo Vendor Alpha,,,,,,,,,,,,,testing,planned,
UHR > Demo Portfolio > Associate Directorate Alpha > Account Book Two > Laboratories > Jawhara Laboratory,,Organization,,Demo Vendor Beta,,,Integrating & Testing,,,,,,,,,,testing,testing,testing
UHR > Demo Portfolio > Associate Directorate Alpha > Account Book Two > Laboratories > Ghadeer Laboratory,مختبر غدير,Organization,nasser,Demo Vendor Gamma,4-bench laboratory serving the southern catchment. Recorded for completeness while the onboarding order is decided. The clinical team has asked for a second training round before the next capability is switched on.,منشأة بـ 4 منصات فحص تخدم النطاق الجنوبي. لم يُتفق على النطاق بعد.,,,,,planned,,,,,planned,planned,testing,
UHR > Demo Portfolio > Associate Directorate Alpha > Account Book Two > Laboratories > Suhail Laboratory,,Organization,nasser,Demo Vendor Beta,,,Kickoff,,,,,,,,,,,,
UHR > Demo Portfolio > Associate Directorate Alpha > Account Book Two > Laboratories > Wafeer Reference Laboratory,,Organization,nasser,Demo Vendor Gamma,,,,,,,,,,,,,planned,,
UHR > Demo Portfolio > Associate Directorate Alpha > Account Book Two > Laboratories > Basateen Reference Laboratory,مختبر بساتين المرجعي,Organization,nasser,Demo Vendor Alpha,7-bench reference laboratory serving the eastern catchment. Testing is complete on the first two capabilities and continuing on the rest.,منشأة بـ 7 منصات فحص تخدم النطاق الشرقي. اختبار القبول جارٍ مع الفريق السريري.,UAT,,,,,,,,,,,,
UHR > Demo Portfolio > Associate Directorate Alpha > Account Book Two > Laboratories > Fajr Laboratory,مختبر فجر,Organization,,Demo Vendor Delta,"23-bench laboratory serving the western catchment. Contracted, with no integration work scheduled.",منشأة بـ 23 منصات فحص تخدم النطاق الغربي. تم التعاقد ولم تُجدول أعمال التكامل.,,,,planned,planned,planned,,planned,planned,planned,planned,planned,
UHR > Demo Portfolio > Associate Directorate Alpha > Account Book Two > Laboratories > Safaa Diagnostic Laboratory,,Organization,nasser,,18-bench diagnostic laboratory serving the western catchment. Recorded for completeness while the onboarding order is decided.,,,,,,,,,,,,,,
UHR > Demo Portfolio > Associate Directorate Alpha > Account Book Two > Laboratories > Ufuq Reference Laboratory,,Organization,nasser,,,,Integrating & Testing,,,,,,,,,,planned,,
UHR > Demo Portfolio > Associate Directorate Alpha > Account Book Two > Laboratories > Thurayya Reference Laboratory,,Organization,nasser,Demo Vendor Alpha,,,Kickoff,,,,,,,,,,planned,,
UHR > Demo Portfolio > Associate Directorate Alpha > Account Book Two > Laboratories > Sadaf Reference Laboratory,,Organization,nasser,Demo Vendor Alpha,"9-bench reference laboratory serving the eastern catchment. Live since the last release window, with support in hypercare.",,Live,,,,,,,,live,,live,live,
UHR > Demo Portfolio > Associate Directorate Alpha > Account Book Two > Laboratories > Zumurrud Diagnostic Laboratory,,Organization,nasser,Demo Vendor Beta,"24-bench diagnostic laboratory serving the western catchment. Contracted, with no integration work scheduled.",,,,,,,,,,,,,,
UHR > Demo Portfolio > Associate Directorate Alpha > Account Book Two > Polyclinics,المجمعات الطبية,,,,15 polyclinics in account book two.,,,,,,,,,,,,,,
UHR > Demo Portfolio > Associate Directorate Alpha > Account Book Two > Polyclinics > Wafa Day Surgery Polyclinic,مجمع وفاء لجراحة اليوم الواحد,Organization,nasser,Demo Vendor Gamma,22-room day surgery polyclinic serving the southern catchment. Onboarding agreed and nothing has begun.,منشأة بـ 22 غرف تخدم النطاق الجنوبي. مدرج ضمن خطة هذا العام ولم يبدأ بعد.,Not started,,,,,,,,,,,,
UHR > Demo Portfolio > Associate Directorate Alpha > Account Book Two > Polyclinics > Talh Day Surgery Polyclinic,مجمع طلح لجراحة اليوم الواحد,Organization,nasser,Demo Vendor Alpha,,,Integrating & Testing,2026-10-11,,,,,,,,,,,
UHR > Demo Portfolio > Associate Directorate Alpha > Account Book Two > Polyclinics > Sanam Day Surgery Polyclinic,مجمع سنام لجراحة اليوم الواحد,Organization,nasser,Demo Vendor Beta,,,Integrating & Testing,,,testing,,,,,,,,,
UHR > Demo Portfolio > Associate Directorate Alpha > Account Book Two > Polyclinics > Dorra Day Surgery Polyclinic,,Organization,nasser,Demo Vendor Delta,,,Integrating & Testing,,,,,,,,,,,,
UHR > Demo Portfolio > Associate Directorate Alpha > Account Book Two > Polyclinics > Salwa Specialist Polyclinic,مجمع سلوى الطبي التخصصي,Organization,nasser,Demo Vendor Beta,,,Integrating & Testing,,,,,,,,,,,,
UHR > Demo Portfolio > Associate Directorate Alpha > Account Book Two > Polyclinics > Zumurrud Day Surgery Polyclinic,مجمع زمرد لجراحة اليوم الواحد,Organization,nasser,Demo Vendor Gamma,,,Not started,,,planned,planned,,planned,,planned,planned,,,planned
UHR > Demo Portfolio > Associate Directorate Alpha > Account Book Two > Polyclinics > Dhikra Specialist Polyclinic,مجمع ذكرى الطبي التخصصي,Organization,nasser,Demo Vendor Alpha,,,Integrating & Testing,,,,,,,,,,,,
UHR > Demo Portfolio > Associate Directorate Alpha > Account Book Two > Polyclinics > Nada Polyclinic,,Organization,nasser,Demo Vendor Epsilon,"8-room polyclinic serving the southern catchment. Build under way, held up on the identity feed.",,Integrating & Testing,,,planned,testing,,,,,,,,
UHR > Demo Portfolio > Associate Directorate Alpha > Account Book Two > Polyclinics > Shurooq Day Surgery Polyclinic,,Organization,nasser,Demo Vendor Epsilon,"39-room day surgery polyclinic serving the western catchment. Ready to go live, waiting on the change freeze to lift.",,Go-live readiness,,,,,,,,,,,,
UHR > Demo Portfolio > Associate Directorate Alpha > Account Book Two > Polyclinics > Talaa Day Surgery Polyclinic,مجمع طلعة لجراحة اليوم الواحد,Organization,nasser,Demo Vendor Alpha,,,Integrating & Testing,,,planned,testing,testing,,,planned,planned,,,planned
UHR > Demo Portfolio > Associate Directorate Alpha > Account Book Two > Polyclinics > Kahraman Specialist Polyclinic,,Organization,nasser,Demo Vendor Beta,39-room specialist polyclinic serving the eastern catchment. Paused at the site’s request until the estate work finishes.,,Paused,,,planned,,,,,,,,,
UHR > Demo Portfolio > Associate Directorate Alpha > Account Book Two > Polyclinics > Kafoor Day Surgery Polyclinic,,Organization,nasser,Demo Vendor Beta,"22-room day surgery polyclinic serving the western catchment. Contracted, with no integration work scheduled.",,,,,testing,planned,,,,testing,,planned,,planned
UHR > Demo Portfolio > Associate Directorate Alpha > Account Book Two > Polyclinics > Rabee Polyclinic,,Organization,,Demo Vendor Epsilon,,,Not started,,,,,,,,,,,,
UHR > Demo Portfolio > Associate Directorate Alpha > Account Book Two > Polyclinics > Rajaa Polyclinic,مجمع رجاء الطبي,Organization,nasser,Demo Vendor Alpha,,,Integrating & Testing,,,,,,,,,,,,
UHR > Demo Portfolio > Associate Directorate Alpha > Account Book Two > Polyclinics > Sahl Specialist Polyclinic,,Organization,,Demo Vendor Beta,23-room specialist polyclinic serving the eastern catchment. User acceptance testing is running with the clinical team.,,UAT,2027-01-27,,,,,,,,,,,
UHR > Demo Portfolio > Associate Directorate Alpha > Account Book Two > Imaging Centres,مراكز الأشعة,,,,13 imaging centres in account book two.,,,,,,,,,,,,,,
UHR > Demo Portfolio > Associate Directorate Alpha > Account Book Two > Imaging Centres > Kahraman Radiology Centre,مركز كهرمان للتصوير الطبي,Organization,nasser,Demo Vendor Alpha,,,Live,,,,,,,,live,live,,,
UHR > Demo Portfolio > Associate Directorate Alpha > Account Book Two > Imaging Centres > Reehan Radiology Centre,,Organization,nasser,Demo Vendor Epsilon,7-modality radiology centre serving the western catchment. Interfaces are being built against the sandbox.,,Integrating & Testing,2027-07-20,,,,,,,,,,,
UHR > Demo Portfolio > Associate Directorate Alpha > Account Book Two > Imaging Centres > Dorra Radiology Centre,مركز درة للتصوير الطبي,Organization,nasser,Demo Vendor Gamma,,,Integrating & Testing,,,,planned,,planned,,testing,planned,,,testing
UHR > Demo Portfolio > Associate Directorate Alpha > Account Book Two > Imaging Centres > Ghaim Radiology Centre,,Organization,,Demo Vendor Gamma,5-modality radiology centre serving the western catchment. Kickoff held with the vendor; the interface catalogue is being confirmed.,,Kickoff,,,,,,,,,,,,
UHR > Demo Portfolio > Associate Directorate Alpha > Account Book Two > Imaging Centres > Wafa Radiology Centre,,Organization,nasser,Demo Vendor Delta,5-modality radiology centre serving the western catchment. User acceptance testing is running with the clinical team.,,UAT,,,,,,,,,,,,
UHR > Demo Portfolio > Associate Directorate Alpha > Account Book Two > Imaging Centres > Najma Radiology Centre,,Organization,nasser,Demo Vendor Gamma,,,,,,planned,,planned,testing,testing,testing,testing,planned,,
UHR > Demo Portfolio > Associate Directorate Alpha > Account Book Two > Imaging Centres > Nasaem Radiology Centre,,Organization,nasser,Demo Vendor Gamma,4-modality radiology centre serving the eastern catchment. Kickoff held with the vendor; the interface catalogue is being confirmed.,,Kickoff,,,,,planned,planned,,planned,planned,,planned,
UHR > Demo Portfolio > Associate Directorate Alpha > Account Book Two > Imaging Centres > Kanan Imaging Centre,,Organization,,Demo Vendor Beta,"3-modality imaging centre serving the southern catchment. Ready to go live, waiting on the change freeze to lift.",,Go-live readiness,,,,,,,,live,,,,
UHR > Demo Portfolio > Associate Directorate Alpha > Account Book Two > Imaging Centres > Ufuq Radiology Centre,مركز أفق للتصوير الطبي,Organization,nasser,Demo Vendor Beta,7-modality radiology centre serving the inland catchment. Onboarding agreed and nothing has begun.,منشأة بـ 7 أجهزة تصوير تخدم النطاق الداخلي. متفق على التأهيل ولم يبدأ العمل.,Not started,,,,,,,,testing,planned,,,
UHR > Demo Portfolio > Associate Directorate Alpha > Account Book Two > Imaging Centres > Jawhara Imaging Centre,,Organization,nasser,Demo Vendor Beta,8-modality imaging centre serving the northern catchment. Testing is complete on the first two capabilities and continuing on the rest.,,UAT,,,,,,,,,,,,
UHR > Demo Portfolio > Associate Directorate Alpha > Account Book Two > Imaging Centres > Misk Diagnostic Imaging Centre,,Organization,nasser,,3-modality diagnostic imaging centre serving the inland catchment. Recorded for completeness while the onboarding order is decided.,,,,,,,,,,,,,,
UHR > Demo Portfolio > Associate Directorate Alpha > Account Book Two > Imaging Centres > Nakheel Imaging Centre,مركز نخيل للأشعة,Organization,nasser,Demo Vendor Gamma,"2-modality imaging centre serving the coastal catchment. Build under way, held up on the identity feed.",منشأة بـ 2 أجهزة تصوير تخدم النطاق الساحلي. ربط الرسائل قيد التنفيذ.,Integrating & Testing,,,,,,,,testing,testing,,,
UHR > Demo Portfolio > Associate Directorate Alpha > Account Book Two > Imaging Centres > Rajaa Diagnostic Imaging Centre,,Organization,nasser,Demo Vendor Alpha,"8-modality diagnostic imaging centre serving the western catchment. Contracted, with no integration work scheduled. Two of the interfaces are shared with the reference laboratory and move together.",,,,,,,,,,planned,,,,
UHR > Demo Portfolio > Associate Directorate Alpha > Account Book Two > Pharmacies,الصيدليات,,,,16 pharmacies in account book two.,,,,,,,,,,,,,,
UHR > Demo Portfolio > Associate Directorate Alpha > Account Book Two > Pharmacies > Yaqoot Pharmacy,صيدلية ياقوت,Organization,nasser,,"12-counter pharmacy serving the northern catchment. Build under way, held up on the identity feed. Volumes are seasonal and the go-live window avoids the peak.",منشأة بـ 12 نوافذ صرف تخدم النطاق الشمالي. ربط الرسائل قيد التنفيذ.,Integrating & Testing,,,,,,,,,,,,
UHR > Demo Portfolio > Associate Directorate Alpha > Account Book Two > Pharmacies > Ghadeer Community Pharmacy,صيدلية غدير المجتمعية,Organization,nasser,Demo Vendor Zeta,,,Integrating & Testing,,,,,,planned,planned,,,,,
UHR > Demo Portfolio > Associate Directorate Alpha > Account Book Two > Pharmacies > Kahraman Community Pharmacy,صيدلية كهرمان المجتمعية,Organization,nasser,Demo Vendor Beta,,,,,,,planned,,planned,planned,testing,planned,planned,,
UHR > Demo Portfolio > Associate Directorate Alpha > Account Book Two > Pharmacies > Ghaim Hospital Pharmacy,,Organization,nasser,Demo Vendor Beta,5-counter hospital pharmacy serving the eastern catchment. Scope not agreed yet; the first scoping session is being arranged.,,,,,,,,planned,,,,,,
UHR > Demo Portfolio > Associate Directorate Alpha > Account Book Two > Pharmacies > Shurooq Hospital Pharmacy,صيدلية شروق للمستشفيات,Organization,nasser,Demo Vendor Zeta,5-counter hospital pharmacy serving the northern catchment. Kickoff done and the technical contacts are named on both sides.,منشأة بـ 5 نوافذ صرف تخدم النطاق الشمالي. عُقد اجتماع الانطلاق مع المورد.,Kickoff,,,,,,,,,,,,
UHR > Demo Portfolio > Associate Directorate Alpha > Account Book Two > Pharmacies > Zumurrud Hospital Pharmacy,,Organization,nasser,Demo Vendor Gamma,,,,,,,planned,,planned,testing,,,,planned,planned
UHR > Demo Portfolio > Associate Directorate Alpha > Account Book Two > Pharmacies > Rawnaq Hospital Pharmacy,,Organization,nasser,Demo Vendor Alpha,,,,,,,,,,,,,,,
UHR > Demo Portfolio > Associate Directorate Alpha > Account Book Two > Pharmacies > Nada Pharmacy,صيدلية ندى,Organization,nasser,Demo Vendor Gamma,,,Integrating & Testing,,,,,,testing,,,,,,
UHR > Demo Portfolio > Associate Directorate Alpha > Account Book Two > Pharmacies > Utarid Community Pharmacy,صيدلية عطارد المجتمعية,Organization,nasser,Demo Vendor Beta,"2-counter community pharmacy serving the eastern catchment. Contracted, with no integration work scheduled.",منشأة بـ 2 نوافذ صرف تخدم النطاق الشرقي. تم التعاقد ولم تُجدول أعمال التكامل.,,,,,planned,,planned,planned,,,,,
UHR > Demo Portfolio > Associate Directorate Alpha > Account Book Two > Pharmacies > Salsabeel Pharmacy,صيدلية سلسبيل,Organization,nasser,,11-counter pharmacy serving the southern catchment. Kickoff done and the technical contacts are named on both sides. The clinical team has asked for a second training round before the next capability is switched on.,منشأة بـ 11 نوافذ صرف تخدم النطاق الجنوبي. عُقد اجتماع الانطلاق مع المورد.,Kickoff,,,,planned,planned,planned,planned,,,,,
UHR > Demo Portfolio > Associate Directorate Alpha > Account Book Two > Pharmacies > Ghaf Pharmacy,,Organization,nasser,Demo Vendor Delta,9-counter pharmacy serving the western catchment. Testing is complete on the first two capabilities and continuing on the rest.,,UAT,2026-11-10,,,testing,testing,testing,live,,,testing,testing,testing
UHR > Demo Portfolio > Associate Directorate Alpha > Account Book Two > Pharmacies > Zahwa Hospital Pharmacy,,Organization,nasser,Demo Vendor Delta,"2-counter hospital pharmacy serving the coastal catchment. Build under way, held up on the identity feed.",,Integrating & Testing,2027-03-27,,,,,,,,,,,
UHR > Demo Portfolio > Associate Directorate Alpha > Account Book Two > Pharmacies > Kafoor Hospital Pharmacy,صيدلية كافور للمستشفيات,Organization,nasser,Demo Vendor Alpha,,,Integrating & Testing,,,testing,testing,testing,testing,planned,,,testing,testing,planned
UHR > Demo Portfolio > Associate Directorate Alpha > Account Book Two > Pharmacies > Dhikra Pharmacy,صيدلية ذكرى,Organization,nasser,Demo Vendor Epsilon,12-counter pharmacy serving the northern catchment. On the list for this year; no work has started.,منشأة بـ 12 نوافذ صرف تخدم النطاق الشمالي. متفق على التأهيل ولم يبدأ العمل.,Not started,,,,,,planned,,,,,,
UHR > Demo Portfolio > Associate Directorate Alpha > Account Book Two > Pharmacies > Rabee Community Pharmacy,صيدلية ربيع المجتمعية,Organization,nasser,Demo Vendor Beta,,,,,,,,,,,,,,,
UHR > Demo Portfolio > Associate Directorate Alpha > Account Book Two > Pharmacies > Rajaa Community Pharmacy,,Organization,nasser,Demo Vendor Zeta,"11-counter community pharmacy serving the coastal catchment. Message mapping is in progress; the first end-to-end call has been made. The vendor has one engineer allocated, which is what sets the pace here.",,Integrating & Testing,,,,planned,planned,testing,testing,planned,,,testing,
UHR > Demo Portfolio > Associate Directorate Alpha > Account Book Three,محفظة الحسابات الثالثة,,,,79 organizations with no account manager assigned yet.,79 منشأة لم يُعيَّن لها مدير حساب بعد.,,2027-04-30,30,,,,,,,,,,
UHR > Demo Portfolio > Associate Directorate Alpha > Account Book Three > Hospitals,المستشفيات,,,,19 hospitals in account book three.,,,,,,,,,,,,,,
UHR > Demo Portfolio > Associate Directorate Alpha > Account Book Three > Hospitals > Arak Community Hospital,مستشفى أراك المجتمعي,Organization,,,,,Kickoff,,,testing,,,,,,,,,
UHR > Demo Portfolio > Associate Directorate Alpha > Account Book Three > Hospitals > Sadeem Specialist Hospital,مستشفى سديم التخصصي,Organization,,Demo Vendor Alpha,50-bed specialist hospital serving the southern catchment. Interfaces are being built against the sandbox.,منشأة بسعة 50 سريراً تخدم النطاق الجنوبي. ربط الرسائل قيد التنفيذ.,Integrating & Testing,2027-01-17,,testing,,,,,,,testing,,testing
UHR > Demo Portfolio > Associate Directorate Alpha > Account Book Three > Hospitals > Aseel Maternity Hospital,مستشفى أصيل للولادة,Organization,,Demo Vendor Alpha,,,Live,,,live,live,live,live,live,live,live,live,live,live
UHR > Demo Portfolio > Associate Directorate Alpha > Account Book Three > Hospitals > Najma Maternity Hospital,,Organization,,Demo Vendor Alpha,55-bed maternity hospital serving the eastern catchment. Recorded for completeness while the onboarding order is decided.,,,,,planned,,,,,,,,,
UHR > Demo Portfolio > Associate Directorate Alpha > Account Book Three > Hospitals > Yaqoot General Hospital,مستشفى ياقوت العام,Organization,,,386-bed general hospital serving the southern catchment. Kickoff held with the vendor; the interface catalogue is being confirmed.,منشأة بسعة 386 سريراً تخدم النطاق الجنوبي. عُقد اجتماع الانطلاق مع المورد.,Kickoff,,,,,,,,,,,,
UHR > Demo Portfolio > Associate Directorate Alpha > Account Book Three > Hospitals > Ghadeer Community Hospital,,Organization,,Demo Vendor Zeta,146-bed community hospital serving the northern catchment. Testing signed off and a go-live window is being booked.,,Go-live readiness,,,,,,,,,,,,
UHR > Demo Portfolio > Associate Directorate Alpha > Account Book Three > Hospitals > Kadi Maternity Hospital,مستشفى كادي للولادة,Organization,,Demo Vendor Gamma,,,Kickoff,,,planned,,planned,planned,planned,testing,planned,planned,planned,planned
UHR > Demo Portfolio > Associate Directorate Alpha > Account Book Three > Hospitals > Kharif Community Hospital,مستشفى خريف المجتمعي,Organization,,,682-bed community hospital serving the eastern catchment. Recorded for completeness while the onboarding order is decided.,منشأة بسعة 682 سريراً تخدم النطاق الشرقي. لم يُتفق على النطاق بعد.,,,,,,,,,,,,,
UHR > Demo Portfolio > Associate Directorate Alpha > Account Book Three > Hospitals > Yaqeen Maternity Hospital,مستشفى يقين للولادة,Organization,,Demo Vendor Beta,707-bed maternity hospital serving the coastal catchment. Kickoff held with the vendor; the interface catalogue is being confirmed.,منشأة بسعة 707 سريراً تخدم النطاق الساحلي. عُقد اجتماع الانطلاق مع المورد.,Kickoff,,,,,,,,,,,,
UHR > Demo Portfolio > Associate Directorate Alpha > Account Book Three > Hospitals > Ghaf General Hospital,,Organization,,Demo Vendor Delta,280-bed general hospital serving the western catchment. Scope not agreed yet; the first scoping session is being arranged.,,,,,planned,planned,,planned,planned,,,planned,planned,testing
UHR > Demo Portfolio > Associate Directorate Alpha > Account Book Three > Hospitals > Bushra Specialist Hospital,,Organization,,Demo Vendor Gamma,211-bed specialist hospital serving the northern catchment. Scope not agreed yet; the first scoping session is being arranged.,,,,,planned,,,,,,,testing,,planned
UHR > Demo Portfolio > Associate Directorate Alpha > Account Book Three > Hospitals > Anwa Maternity Hospital,,Organization,,Demo Vendor Alpha,120-bed maternity hospital serving the southern catchment. Testing is complete on the first two capabilities and continuing on the rest.,,UAT,2027-03-04,,,,,,,,,,,
UHR > Demo Portfolio > Associate Directorate Alpha > Account Book Three > Hospitals > Samar Community Hospital,مستشفى سمر المجتمعي,Organization,,Demo Vendor Gamma,639-bed community hospital serving the southern catchment. On the list for this year; no work has started.,منشأة بسعة 639 سريراً تخدم النطاق الجنوبي. متفق على التأهيل ولم يبدأ العمل.,Not started,,,,,,,,,,,,
UHR > Demo Portfolio > Associate Directorate Alpha > Account Book Three > Hospitals > Talh Community Hospital,مستشفى طلح المجتمعي,Organization,,Demo Vendor Alpha,264-bed community hospital serving the coastal catchment. Scope not agreed yet; the first scoping session is being arranged.,منشأة بسعة 264 سريراً تخدم النطاق الساحلي. تم التعاقد ولم تُجدول أعمال التكامل.,,,,,,,,,,,,,
UHR > Demo Portfolio > Associate Directorate Alpha > Account Book Three > Hospitals > Wafa Maternity Hospital,مستشفى وفاء للولادة,Organization,,Demo Vendor Alpha,65-bed maternity hospital serving the southern catchment. Message mapping is in progress; the first end-to-end call has been made.,منشأة بسعة 65 سريراً تخدم النطاق الجنوبي. يجري بناء الواجهات على البيئة التجريبية.,Integrating & Testing,,,planned,,,,,,,planned,testing,testing
UHR > Demo Portfolio > Associate Directorate Alpha > Account Book Three > Hospitals > Talaa Maternity Hospital,مستشفى طلعة للولادة,Organization,,,237-bed maternity hospital serving the inland catchment. Testing is complete on the first two capabilities and continuing on the rest.,منشأة بسعة 237 سريراً تخدم النطاق الداخلي. اختبار القبول جارٍ مع الفريق السريري.,UAT,,,testing,,,,,,,,,testing
UHR > Demo Portfolio > Associate Directorate Alpha > Account Book Three > Hospitals > Zahwa Community Hospital,مستشفى زهوة المجتمعي,Organization,,Demo Vendor Delta,,,Integrating & Testing,,,planned,,,,,,,,,
UHR > Demo Portfolio > Associate Directorate Alpha > Account Book Three > Hospitals > Wateen Community Hospital,,Organization,,Demo Vendor Alpha,,,Paused,,,,,,,,,,,,
UHR > Demo Portfolio > Associate Directorate Alpha > Account Book Three > Hospitals > Marj Specialist Hospital,مستشفى مرج التخصصي,Organization,,Demo Vendor Beta,,,Integrating & Testing,,,testing,,,,,,,,,
UHR > Demo Portfolio > Associate Directorate Alpha > Account Book Three > Clinics,العيادات,,,,14 clinics in account book three.,,,,,,,,,,,,,,
UHR > Demo Portfolio > Associate Directorate Alpha > Account Book Three > Clinics > Zumurrud Family Clinic,عيادة زمرد للأسرة,Organization,,Demo Vendor Zeta,13-room family clinic serving the northern catchment. Message mapping is in progress; the first end-to-end call has been made.,منشأة بـ 13 غرف تخدم النطاق الشمالي. يجري بناء الواجهات على البيئة التجريبية.,Integrating & Testing,,,,,,,,,,,,
UHR > Demo Portfolio > Associate Directorate Alpha > Account Book Three > Clinics > Qamar Clinic,,Organization,,Demo Vendor Alpha,4-room clinic serving the western catchment. Kickoff done and the technical contacts are named on both sides.,,Kickoff,,,,,,,,,,,,
UHR > Demo Portfolio > Associate Directorate Alpha > Account Book Three > Clinics > Lulwah Clinic,عيادة لؤلوة,Organization,,Demo Vendor Alpha,,,Go-live readiness,,,testing,live,testing,testing,testing,testing,,,,live
UHR > Demo Portfolio > Associate Directorate Alpha > Account Book Three > Clinics > Fill Clinic,,Organization,,Demo Vendor Alpha,,,Not started,,,planned,planned,,,,,planned,planned,,planned
UHR > Demo Portfolio > Associate Directorate Alpha > Account Book Three > Clinics > Lamha Clinic,,Organization,,,13-room clinic serving the inland catchment. Onboarding agreed and nothing has begun.,,Not started,,,planned,planned,,,,,,,,
UHR > Demo Portfolio > Associate Directorate Alpha > Account Book Three > Clinics > Wateen Clinic,,Organization,,Demo Vendor Gamma,,,,,,,,,,,,,,,
UHR > Demo Portfolio > Associate Directorate Alpha > Account Book Three > Clinics > Wameed Family Clinic,عيادة وميض للأسرة,Organization,,Demo Vendor Gamma,,,Not started,,,,,,,,,,,,
UHR > Demo Portfolio > Associate Directorate Alpha > Account Book Three > Clinics > Almas Clinic,عيادة ألماس,Organization,,Demo Vendor Delta,,,,,,,,,,,,,,,
UHR > Demo Portfolio > Associate Directorate Alpha > Account Book Three > Clinics > Talh Dental Clinic,عيادة طلح للأسنان,Organization,,Demo Vendor Alpha,,,Integrating & Testing,,,,,,,,,,,,
UHR > Demo Portfolio > Associate Directorate Alpha > Account Book Three > Clinics > Lujain Family Clinic,,Organization,,Demo Vendor Epsilon,,,Integrating & Testing,2026-12-17,,testing,planned,,,,,,,,testing
UHR > Demo Portfolio > Associate Directorate Alpha > Account Book Three > Clinics > Naqaa Dental Clinic,عيادة نقاء للأسنان,Organization,,Demo Vendor Delta,"5-room dental clinic serving the coastal catchment. Ready to go live, waiting on the change freeze to lift.",منشأة بـ 5 غرف تخدم النطاق الساحلي. جاهز للإطلاق بانتظار رفع تجميد التغييرات.,Go-live readiness,,,,,,,,,,,,
UHR > Demo Portfolio > Associate Directorate Alpha > Account Book Three > Clinics > Nada Clinic,عيادة ندى,Organization,,Demo Vendor Alpha,10-room clinic serving the eastern catchment. In production and reporting daily volumes.,منشأة بـ 10 غرف تخدم النطاق الشرقي. دخل الإنتاج في نافذة الإصدار الأخيرة.,Live,,,live,live,testing,,live,,,,live,live
UHR > Demo Portfolio > Associate Directorate Alpha > Account Book Three > Clinics > Ghuroob Dental Clinic,عيادة غروب للأسنان,Organization,,Demo Vendor Beta,,,,,,,,,,,,,,,
UHR > Demo Portfolio > Associate Directorate Alpha > Account Book Three > Clinics > Bushra Dental Clinic,عيادة بشرى للأسنان,Organization,,Demo Vendor Alpha,,,Integrating & Testing,2026-10-21,,,,,,,,,,,
UHR > Demo Portfolio > Associate Directorate Alpha > Account Book Three > Laboratories,المختبرات,,,,13 laboratories in account book three.,,,,,,,,,,,,,,
UHR > Demo Portfolio > Associate Directorate Alpha > Account Book Three > Laboratories > Kafoor Diagnostic Laboratory,مختبر كافور للتشخيص,Organization,,Demo Vendor Alpha,20-bench diagnostic laboratory serving the western catchment. In integration testing with the vendor.,منشأة بـ 20 منصات فحص تخدم النطاق الغربي. اختبار القبول جارٍ مع الفريق السريري.,UAT,,,,,,,,,,testing,,
UHR > Demo Portfolio > Associate Directorate Alpha > Account Book Three > Laboratories > Ghuroob Laboratory,مختبر غروب,Organization,,Demo Vendor Beta,20-bench laboratory serving the southern catchment. Testing signed off and a go-live window is being booked.,منشأة بـ 20 منصات فحص تخدم النطاق الجنوبي. جاهز للإطلاق بانتظار رفع تجميد التغييرات.,Go-live readiness,,,,,,,,,,,,
UHR > Demo Portfolio > Associate Directorate Alpha > Account Book Three > Laboratories > Kharif Reference Laboratory,,Organization,,Demo Vendor Alpha,,,Integrating & Testing,,,,,,planned,testing,testing,testing,testing,planned,
UHR > Demo Portfolio > Associate Directorate Alpha > Account Book Three > Laboratories > Wameed Reference Laboratory,,Organization,,Demo Vendor Alpha,"18-bench reference laboratory serving the coastal catchment. Build under way, held up on the identity feed.",,Integrating & Testing,,,,testing,,testing,,,,testing,testing,
UHR > Demo Portfolio > Associate Directorate Alpha > Account Book Three > Laboratories > Nudar Reference Laboratory,مختبر نضار المرجعي,Organization,,Demo Vendor Gamma,20-bench reference laboratory serving the southern catchment. Interfaces are being built against the sandbox. Volumes are seasonal and the go-live window avoids the peak.,منشأة بـ 20 منصات فحص تخدم النطاق الجنوبي. ربط الرسائل قيد التنفيذ.,Integrating & Testing,,,,testing,planned,testing,testing,,,testing,planned,testing
UHR > Demo Portfolio > Associate Directorate Alpha > Account Book Three > Laboratories > Sanam Reference Laboratory,مختبر سنام المرجعي,Organization,,Demo Vendor Beta,12-bench reference laboratory serving the coastal catchment. Recorded for completeness while the onboarding order is decided.,منشأة بـ 12 منصات فحص تخدم النطاق الساحلي. لم يُتفق على النطاق بعد.,,,,,,,,,,,planned,,
UHR > Demo Portfolio > Associate Directorate Alpha > Account Book Three > Laboratories > Anbar Diagnostic Laboratory,مختبر عنبر للتشخيص,Organization,,Demo Vendor Gamma,,,,,,,,,,,,,,,
UHR > Demo Portfolio > Associate Directorate Alpha > Account Book Three > Laboratories > Yaqoot Laboratory,,Organization,,Demo Vendor Beta,,,,,,,,,,,,,,,
UHR > Demo Portfolio > Associate Directorate Alpha > Account Book Three > Laboratories > Dorra Diagnostic Laboratory,مختبر درة للتشخيص,Organization,,,,,Live,,,,,,,,,,testing,live,planned
UHR > Demo Portfolio > Associate Directorate Alpha > Account Book Three > Laboratories > Sahl Diagnostic Laboratory,مختبر سهل للتشخيص,Organization,,Demo Vendor Beta,7-bench diagnostic laboratory serving the eastern catchment. Scope not agreed yet; the first scoping session is being arranged.,منشأة بـ 7 منصات فحص تخدم النطاق الشرقي. تم التعاقد ولم تُجدول أعمال التكامل.,,,,,,,,,,,,,
UHR > Demo Portfolio > Associate Directorate Alpha > Account Book Three > Laboratories > Rajaa Reference Laboratory,مختبر رجاء المرجعي,Organization,,Demo Vendor Alpha,,,UAT,2027-08-07,,,,,,,,,,,
UHR > Demo Portfolio > Associate Directorate Alpha > Account Book Three > Laboratories > Sana Reference Laboratory,,Organization,,Demo Vendor Epsilon,"28-bench reference laboratory serving the northern catchment. Contracted, with no integration work scheduled.",,,,,,,,,,,,,,
UHR > Demo Portfolio > Associate Directorate Alpha > Account Book Three > Laboratories > Marj Reference Laboratory,مختبر مرج المرجعي,Organization,,Demo Vendor Delta,19-bench reference laboratory serving the eastern catchment. Testing is complete on the first two capabilities and continuing on the rest.,منشأة بـ 19 منصات فحص تخدم النطاق الشرقي. قيد اختبار التكامل مع المورد.,UAT,,,,,,testing,,,,live,planned,
UHR > Demo Portfolio > Associate Directorate Alpha > Account Book Three > Polyclinics,المجمعات الطبية,,,,11 polyclinics in account book three.,,,,,,,,,,,,,,
UHR > Demo Portfolio > Associate Directorate Alpha > Account Book Three > Polyclinics > Rawd Day Surgery Polyclinic,مجمع روض لجراحة اليوم الواحد,Organization,,Demo Vendor Alpha,,,Integrating & Testing,,,testing,planned,planned,testing,,testing,,,,planned
UHR > Demo Portfolio > Associate Directorate Alpha > Account Book Three > Polyclinics > Kadi Specialist Polyclinic,,Organization,,Demo Vendor Beta,34-room specialist polyclinic serving the coastal catchment. Testing is complete on the first two capabilities and continuing on the rest.,,UAT,,,testing,testing,,,,,,,,
UHR > Demo Portfolio > Associate Directorate Alpha > Account Book Three > Polyclinics > Yaqeen Day Surgery Polyclinic,,Organization,,Demo Vendor Alpha,,,Integrating & Testing,,,,,,,,,,,,
UHR > Demo Portfolio > Associate Directorate Alpha > Account Book Three > Polyclinics > Nudar Day Surgery Polyclinic,,Organization,,Demo Vendor Alpha,,,Kickoff,,,planned,planned,,,,planned,,,,
UHR > Demo Portfolio > Associate Directorate Alpha > Account Book Three > Polyclinics > Nasaem Specialist Polyclinic,مجمع نسائم الطبي التخصصي,Organization,,Demo Vendor Alpha,7-room specialist polyclinic serving the coastal catchment. On the list for this year; no work has started.,منشأة بـ 7 غرف تخدم النطاق الساحلي. متفق على التأهيل ولم يبدأ العمل.,Not started,,,planned,planned,,,,,,,,
UHR > Demo Portfolio > Associate Directorate Alpha > Account Book Three > Polyclinics > Lujain Specialist Polyclinic,مجمع لجين الطبي التخصصي,Organization,,Demo Vendor Epsilon,9-room specialist polyclinic serving the northern catchment. Onboarding agreed and nothing has begun.,منشأة بـ 9 غرف تخدم النطاق الشمالي. متفق على التأهيل ولم يبدأ العمل.,Not started,,,planned,planned,,,planned,planned,planned,planned,testing,planned
UHR > Demo Portfolio > Associate Directorate Alpha > Account Book Three > Polyclinics > Lamha Day Surgery Polyclinic,,Organization,,Demo Vendor Beta,28-room day surgery polyclinic serving the northern catchment. Scope not agreed yet; the first scoping session is being arranged.,,,,,testing,planned,,,testing,testing,planned,,,planned
UHR > Demo Portfolio > Associate Directorate Alpha > Account Book Three > Polyclinics > Misk Polyclinic,مجمع مسك الطبي,Organization,,Demo Vendor Alpha,,,,,,planned,planned,,planned,,planned,,planned,planned,planned
UHR > Demo Portfolio > Associate Directorate Alpha > Account Book Three > Polyclinics > Amal Specialist Polyclinic,مجمع أمل الطبي التخصصي,Organization,,Demo Vendor Delta,,,Integrating & Testing,,,,,,,,,,,,
UHR > Demo Portfolio > Associate Directorate Alpha > Account Book Three > Polyclinics > Layali Day Surgery Polyclinic,مجمع ليالي لجراحة اليوم الواحد,Organization,,Demo Vendor Alpha,,,,,,,,,,,,,,,
UHR > Demo Portfolio > Associate Directorate Alpha > Account Book Three > Polyclinics > Khuzama Specialist Polyclinic,,Organization,,Demo Vendor Alpha,"20-room specialist polyclinic serving the inland catchment. Contracted, with no integration work scheduled.",,,,,,,,,,,,,,
UHR > Demo Portfolio > Associate Directorate Alpha > Account Book Three > Imaging Centres,مراكز الأشعة,,,,11 imaging centres in account book three.,,,,,,,,,,,,,,
UHR > Demo Portfolio > Associate Directorate Alpha > Account Book Three > Imaging Centres > Aseel Diagnostic Imaging Centre,مركز أصيل للتشخيص بالأشعة,Organization,,Demo Vendor Epsilon,,,,,,planned,,planned,,,planned,testing,testing,,
UHR > Demo Portfolio > Associate Directorate Alpha > Account Book Three > Imaging Centres > Safaa Imaging Centre,مركز صفاء للأشعة,Organization,,Demo Vendor Alpha,9-modality imaging centre serving the coastal catchment. Kickoff done and the technical contacts are named on both sides.,منشأة بـ 9 أجهزة تصوير تخدم النطاق الساحلي. اكتمل اجتماع الانطلاق وحُددت جهات الاتصال الفنية.,Kickoff,,,,,,,,,,,,
UHR > Demo Portfolio > Associate Directorate Alpha > Account Book Three > Imaging Centres > Basma Imaging Centre,,Organization,,Demo Vendor Alpha,,,Go-live readiness,,,,,,,,testing,,,,
UHR > Demo Portfolio > Associate Directorate Alpha > Account Book Three > Imaging Centres > Hana Radiology Centre,مركز هناء للتصوير الطبي,Organization,,,5-modality radiology centre serving the western catchment. Interfaces are being built against the sandbox.,منشأة بـ 5 أجهزة تصوير تخدم النطاق الغربي. ربط الرسائل قيد التنفيذ.,Integrating & Testing,2027-02-22,,,planned,,,,planned,testing,,,
UHR > Demo Portfolio > Associate Directorate Alpha > Account Book Three > Imaging Centres > Nada Imaging Centre,مركز ندى للأشعة,Organization,,Demo Vendor Alpha,4-modality imaging centre serving the eastern catchment. Scope not agreed yet; the first scoping session is being arranged.,منشأة بـ 4 أجهزة تصوير تخدم النطاق الشرقي. تم التعاقد ولم تُجدول أعمال التكامل.,,,,,,,,,planned,,,,
UHR > Demo Portfolio > Associate Directorate Alpha > Account Book Three > Imaging Centres > Nasim Diagnostic Imaging Centre,,Organization,,Demo Vendor Beta,,,Integrating & Testing,,,,,,,planned,planned,testing,,planned,
UHR > Demo Portfolio > Associate Directorate Alpha > Account Book Three > Imaging Centres > Fajr Diagnostic Imaging Centre,,Organization,,Demo Vendor Alpha,,,Integrating & Testing,,,,,,,,,,,,
UHR > Demo Portfolio > Associate Directorate Alpha > Account Book Three > Imaging Centres > Buraq Imaging Centre,مركز براق للأشعة,Organization,,Demo Vendor Gamma,,,Integrating & Testing,,,,,,,,,,,,
UHR > Demo Portfolio > Associate Directorate Alpha > Account Book Three > Imaging Centres > Talh Imaging Centre,مركز طلح للأشعة,Organization,,Demo Vendor Gamma,4-modality imaging centre serving the coastal catchment. Message mapping is in progress; the first end-to-end call has been made.,منشأة بـ 4 أجهزة تصوير تخدم النطاق الساحلي. ربط الرسائل قيد التنفيذ.,Integrating & Testing,,,,,,,,,,,,
UHR > Demo Portfolio > Associate Directorate Alpha > Account Book Three > Imaging Centres > Jumana Imaging Centre,مركز جمانة للأشعة,Organization,,Demo Vendor Gamma,9-modality imaging centre serving the northern catchment. Kickoff held with the vendor; the interface catalogue is being confirmed.,منشأة بـ 9 أجهزة تصوير تخدم النطاق الشمالي. اكتمل اجتماع الانطلاق وحُددت جهات الاتصال الفنية.,Kickoff,,,,testing,planned,,,planned,planned,planned,testing,
UHR > Demo Portfolio > Associate Directorate Alpha > Account Book Three > Imaging Centres > Utarid Imaging Centre,,Organization,,Demo Vendor Beta,8-modality imaging centre serving the northern catchment. Scope not agreed yet; the first scoping session is being arranged.,,,,,,,,,,planned,,,,
UHR > Demo Portfolio > Associate Directorate Alpha > Account Book Three > Pharmacies,الصيدليات,,,,11 pharmacies in account book three.,,,,,,,,,,,,,,
UHR > Demo Portfolio > Associate Directorate Alpha > Account Book Three > Pharmacies > Buraq Pharmacy,,Organization,,Demo Vendor Alpha,,,Integrating & Testing,,,testing,planned,testing,testing,planned,testing,,planned,testing,
UHR > Demo Portfolio > Associate Directorate Alpha > Account Book Three > Pharmacies > Safaa Hospital Pharmacy,صيدلية صفاء للمستشفيات,Organization,,Demo Vendor Alpha,5-counter hospital pharmacy serving the western catchment. Recorded for completeness while the onboarding order is decided.,منشأة بـ 5 نوافذ صرف تخدم النطاق الغربي. تم التعاقد ولم تُجدول أعمال التكامل.,,,,,planned,,planned,testing,,,,,
UHR > Demo Portfolio > Associate Directorate Alpha > Account Book Three > Pharmacies > Amal Pharmacy,,Organization,,,,,Integrating & Testing,,,,,,,,,,,,
UHR > Demo Portfolio > Associate Directorate Alpha > Account Book Three > Pharmacies > Wameed Hospital Pharmacy,صيدلية وميض للمستشفيات,Organization,,Demo Vendor Alpha,8-counter hospital pharmacy serving the western catchment. User acceptance testing is running with the clinical team.,منشأة بـ 8 نوافذ صرف تخدم النطاق الغربي. اختبار القبول جارٍ مع الفريق السريري.,UAT,,,,planned,,testing,planned,,,,,
UHR > Demo Portfolio > Associate Directorate Alpha > Account Book Three > Pharmacies > Khuzama Community Pharmacy,صيدلية خزامى المجتمعية,Organization,,Demo Vendor Alpha,,,Integrating & Testing,,,,,,planned,planned,,,,,
UHR > Demo Portfolio > Associate Directorate Alpha > Account Book Three > Pharmacies > Bareq Hospital Pharmacy,,Organization,,Demo Vendor Delta,,,,,,,,,,,,,,,
UHR > Demo Portfolio > Associate Directorate Alpha > Account Book Three > Pharmacies > Basma Pharmacy,صيدلية بسمة,Organization,,Demo Vendor Epsilon,8-counter pharmacy serving the coastal catchment. Scope not agreed yet; the first scoping session is being arranged.,منشأة بـ 8 نوافذ صرف تخدم النطاق الساحلي. لم يُتفق على النطاق بعد.,,,,,,,,,,,,,
UHR > Demo Portfolio > Associate Directorate Alpha > Account Book Three > Pharmacies > Rawd Pharmacy,,Organization,,Demo Vendor Alpha,11-counter pharmacy serving the eastern catchment. Interfaces are being built against the sandbox.,,Integrating & Testing,,,testing,planned,,planned,testing,,,planned,,
UHR > Demo Portfolio > Associate Directorate Alpha > Account Book Three > Pharmacies > Salwa Hospital Pharmacy,صيدلية سلوى للمستشفيات,Organization,,Demo Vendor Alpha,12-counter hospital pharmacy serving the southern catchment. Interfaces are being built against the sandbox.,منشأة بـ 12 نوافذ صرف تخدم النطاق الجنوبي. ربط الرسائل قيد التنفيذ.,Integrating & Testing,,,,planned,,planned,planned,,,,,
UHR > Demo Portfolio > Associate Directorate Alpha > Account Book Three > Pharmacies > Tibr Pharmacy,صيدلية تبر,Organization,,Demo Vendor Delta,10-counter pharmacy serving the northern catchment. Scope not agreed yet; the first scoping session is being arranged.,منشأة بـ 10 نوافذ صرف تخدم النطاق الشمالي. لم يُتفق على النطاق بعد.,,,,,,,,,,,,,
UHR > Demo Portfolio > Associate Directorate Alpha > Account Book Three > Pharmacies > Lamha Pharmacy,صيدلية لمحة,Organization,,Demo Vendor Beta,,,UAT,,,,,,testing,,,,,,
UHR > Demo Portfolio > Associate Directorate Beta,الإدارة المساعدة بيتا,Programme,,,"The second directorate: two account books, opened this year, still mostly in build.",الإدارة الثانية: محفظتا حسابات، فُتحتا هذا العام ومعظم أعمالهما قيد البناء.,,2027-03-31,60,,,,,,,,,,
UHR > Demo Portfolio > Associate Directorate Beta > Account Book Four,محفظة الحسابات الرابعة,,,,67 organizations with no account manager assigned yet.,67 منشأة لم يُعيَّن لها مدير حساب بعد.,,2027-08-31,25,,,,,,,,,,
UHR > Demo Portfolio > Associate Directorate Beta > Account Book Four > Hospitals,المستشفيات,,,,9 hospitals in account book four.,,,,,,,,,,,,,,
UHR > Demo Portfolio > Associate Directorate Beta > Account Book Four > Hospitals > Narjis Specialist Hospital,,Organization,,,,,Integrating & Testing,,,planned,,,,,,,,,testing
UHR > Demo Portfolio > Associate Directorate Beta > Account Book Four > Hospitals > Misk Maternity Hospital,مستشفى مسك للولادة,Organization,,Demo Vendor Beta,664-bed maternity hospital serving the southern catchment. Kickoff done and the technical contacts are named on both sides.,منشأة بسعة 664 سريراً تخدم النطاق الجنوبي. عُقد اجتماع الانطلاق مع المورد.,Kickoff,,,,,,,,,,,,
UHR > Demo Portfolio > Associate Directorate Beta > Account Book Four > Hospitals > Zaytoon Specialist Hospital,,Organization,,Demo Vendor Delta,98-bed specialist hospital serving the inland catchment. Kickoff done and the technical contacts are named on both sides.,,Kickoff,,,,,,,,,,,,
UHR > Demo Portfolio > Associate Directorate Beta > Account Book Four > Hospitals > Kanan General Hospital,مستشفى كنان العام,Organization,,Demo Vendor Gamma,370-bed general hospital serving the coastal catchment. Onboarding agreed and nothing has begun.,منشأة بسعة 370 سريراً تخدم النطاق الساحلي. متفق على التأهيل ولم يبدأ العمل.,Not started,,,,,,,,,,,,
UHR > Demo Portfolio > Associate Directorate Beta > Account Book Four > Hospitals > Yasmeen Specialist Hospital,مستشفى ياسمين التخصصي,Organization,,,367-bed specialist hospital serving the western catchment. Paused at the site’s request until the estate work finishes.,منشأة بسعة 367 سريراً تخدم النطاق الغربي. موقوف بطلب من المنشأة.,Paused,,,,,,,,,,,,
UHR > Demo Portfolio > Associate Directorate Beta > Account Book Four > Hospitals > Athl General Hospital,مستشفى أثل العام,Organization,,Demo Vendor Epsilon,,,Kickoff,,,planned,,,,,,,,,planned
UHR > Demo Portfolio > Associate Directorate Beta > Account Book Four > Hospitals > Basateen Specialist Hospital,مستشفى بساتين التخصصي,Organization,,Demo Vendor Alpha,206-bed specialist hospital serving the inland catchment. Kickoff held with the vendor; the interface catalogue is being confirmed.,منشأة بسعة 206 سريراً تخدم النطاق الداخلي. اكتمل اجتماع الانطلاق وحُددت جهات الاتصال الفنية.,Kickoff,,,planned,,,,,,,,,planned
UHR > Demo Portfolio > Associate Directorate Beta > Account Book Four > Hospitals > Firuz Maternity Hospital,مستشفى فيروز للولادة,Organization,,Demo Vendor Beta,461-bed maternity hospital serving the eastern catchment. In integration testing with the vendor.,منشأة بسعة 461 سريراً تخدم النطاق الشرقي. اختبار القبول جارٍ مع الفريق السريري.,UAT,,,testing,,,,,,,,,testing
UHR > Demo Portfolio > Associate Directorate Beta > Account Book Four > Hospitals > Fajr Specialist Hospital,مستشفى فجر التخصصي,Organization,,Demo Vendor Delta,,,Integrating & Testing,,,,,,,,,,,,
UHR > Demo Portfolio > Associate Directorate Beta > Account Book Four > Clinics,العيادات,,,,15 clinics in account book four.,,,,,,,,,,,,,,
UHR > Demo Portfolio > Associate Directorate Beta > Account Book Four > Clinics > Zahwa Dental Clinic,عيادة زهوة للأسنان,Organization,,,,,Kickoff,,,,,,,,,,,,
UHR > Demo Portfolio > Associate Directorate Beta > Account Book Four > Clinics > Basateen Clinic,عيادة بساتين,Organization,,Demo Vendor Alpha,15-room clinic serving the southern catchment. Scope not agreed yet; the first scoping session is being arranged.,منشأة بـ 15 غرف تخدم النطاق الجنوبي. تم التعاقد ولم تُجدول أعمال التكامل.,,,,planned,planned,planned,,,,,,planned,planned
UHR > Demo Portfolio > Associate Directorate Beta > Account Book Four > Clinics > Rajaa Family Clinic,,Organization,,Demo Vendor Beta,3-room family clinic serving the northern catchment. Onboarding agreed and nothing has begun.,,Not started,,,planned,planned,,,planned,,planned,,planned,planned
UHR > Demo Portfolio > Associate Directorate Beta > Account Book Four > Clinics > Wadi Dental Clinic,,Organization,,Demo Vendor Gamma,18-room dental clinic serving the eastern catchment. Interfaces are being built against the sandbox.,,Integrating & Testing,,,,,,,,,,,,
UHR > Demo Portfolio > Associate Directorate Beta > Account Book Four > Clinics > Diya Dental Clinic,عيادة ضياء للأسنان,Organization,,Demo Vendor Alpha,13-room dental clinic serving the eastern catchment. In integration testing with the vendor.,منشأة بـ 13 غرف تخدم النطاق الشرقي. اختبار القبول جارٍ مع الفريق السريري.,UAT,,,testing,testing,,testing,,,,,testing,testing
UHR > Demo Portfolio > Associate Directorate Beta > Account Book Four > Clinics > Kharif Clinic,,Organization,,Demo Vendor Gamma,,,UAT,2027-01-25,,testing,,,,,,,,,
UHR > Demo Portfolio > Associate Directorate Beta > Account Book Four > Clinics > Anwa Family Clinic,,Organization,,,,,,,,,,,,,,,,,
UHR > Demo Portfolio > Associate Directorate Beta > Account Book Four > Clinics > Kahraman Family Clinic,عيادة كهرمان للأسرة,Organization,,Demo Vendor Zeta,6-room family clinic serving the northern catchment. Recorded for completeness while the onboarding order is decided.,منشأة بـ 6 غرف تخدم النطاق الشمالي. تم التعاقد ولم تُجدول أعمال التكامل.,,,,planned,testing,,,,planned,,planned,,planned
UHR > Demo Portfolio > Associate Directorate Beta > Account Book Four > Clinics > Kafoor Clinic,,Organization,,,15-room clinic serving the coastal catchment. Kickoff held with the vendor; the interface catalogue is being confirmed.,,Kickoff,,,,,,,,,,,,
UHR > Demo Portfolio > Associate Directorate Beta > Account Book Four > Clinics > Falak Dental Clinic,عيادة فلك للأسنان,Organization,,Demo Vendor Delta,"9-room dental clinic serving the western catchment. Build under way, held up on the identity feed.",منشأة بـ 9 غرف تخدم النطاق الغربي. يجري بناء الواجهات على البيئة التجريبية.,Integrating & Testing,,,,,,,,,,,,
UHR > Demo Portfolio > Associate Directorate Beta > Account Book Four > Clinics > Athl Dental Clinic,عيادة أثل للأسنان,Organization,,Demo Vendor Alpha,"12-room dental clinic serving the coastal catchment. Contracted, with no integration work scheduled.",منشأة بـ 12 غرف تخدم النطاق الساحلي. لم يُتفق على النطاق بعد.,,,,planned,planned,,,planned,,,,,planned
UHR > Demo Portfolio > Associate Directorate Beta > Account Book Four > Clinics > Ghadeer Family Clinic,,Organization,,Demo Vendor Beta,14-room family clinic serving the inland catchment. Interfaces are being built against the sandbox. A second site under the same operator is expected to follow the same interface build.,,Integrating & Testing,,,testing,,,,,,,,,
UHR > Demo Portfolio > Associate Directorate Beta > Account Book Four > Clinics > Duha Dental Clinic,,Organization,,Demo Vendor Beta,3-room dental clinic serving the coastal catchment. Scope not agreed yet; the first scoping session is being arranged.,,,,,planned,testing,planned,,,,,,,planned
UHR > Demo Portfolio > Associate Directorate Beta > Account Book Four > Clinics > Utarid Clinic,,Organization,,Demo Vendor Gamma,,,Integrating & Testing,,,planned,planned,planned,planned,planned,planned,testing,,planned,testing
UHR > Demo Portfolio > Associate Directorate Beta > Account Book Four > Clinics > Tibr Family Clinic,,Organization,,Demo Vendor Gamma,,,Integrating & Testing,2027-03-31,,planned,testing,,,,,,,,
UHR > Demo Portfolio > Associate Directorate Beta > Account Book Four > Laboratories,المختبرات,,,,11 laboratories in account book four.,,,,,,,,,,,,,,
UHR > Demo Portfolio > Associate Directorate Beta > Account Book Four > Laboratories > Yasmeen Diagnostic Laboratory,,Organization,,Demo Vendor Gamma,"7-bench diagnostic laboratory serving the western catchment. Build under way, held up on the identity feed.",,Integrating & Testing,,,,,,,,,,,,
UHR > Demo Portfolio > Associate Directorate Beta > Account Book Four > Laboratories > Ghaim Laboratory,,Organization,,Demo Vendor Epsilon,7-bench laboratory serving the southern catchment. Kickoff held with the vendor; the interface catalogue is being confirmed.,,Kickoff,,,,,,,,,,testing,planned,
UHR > Demo Portfolio > Associate Directorate Beta > Account Book Four > Laboratories > Jumana Laboratory,,Organization,,Demo Vendor Beta,"6-bench laboratory serving the western catchment. Build under way, held up on the identity feed.",,Integrating & Testing,2026-12-26,,,,,,,,,,,
UHR > Demo Portfolio > Associate Directorate Beta > Account Book Four > Laboratories > Samaa Reference Laboratory,مختبر سماء المرجعي,Organization,,Demo Vendor Beta,16-bench reference laboratory serving the southern catchment. Interfaces are being built against the sandbox.,منشأة بـ 16 منصات فحص تخدم النطاق الجنوبي. ربط الرسائل قيد التنفيذ.,Integrating & Testing,,,,,,,,,,,,
UHR > Demo Portfolio > Associate Directorate Beta > Account Book Four > Laboratories > Amal Laboratory,مختبر أمل,Organization,,Demo Vendor Alpha,,,Integrating & Testing,,,,,,,,,,,,
UHR > Demo Portfolio > Associate Directorate Beta > Account Book Four > Laboratories > Nasim Laboratory,مختبر نسيم,Organization,,Demo Vendor Delta,10-bench laboratory serving the western catchment. Onboarding agreed and nothing has begun.,منشأة بـ 10 منصات فحص تخدم النطاق الغربي. مدرج ضمن خطة هذا العام ولم يبدأ بعد.,Not started,,,,,,,,,,,,
UHR > Demo Portfolio > Associate Directorate Beta > Account Book Four > Laboratories > Sidr Reference Laboratory,مختبر سدر المرجعي,Organization,,Demo Vendor Gamma,"17-bench reference laboratory serving the inland catchment. Build under way, held up on the identity feed.",منشأة بـ 17 منصات فحص تخدم النطاق الداخلي. ربط الرسائل قيد التنفيذ.,Integrating & Testing,,,,planned,,,testing,,,testing,planned,
UHR > Demo Portfolio > Associate Directorate Beta > Account Book Four > Laboratories > Basma Laboratory,مختبر بسمة,Organization,,Demo Vendor Alpha,,,Integrating & Testing,2027-03-21,,,testing,testing,,planned,planned,,planned,planned,testing
UHR > Demo Portfolio > Associate Directorate Beta > Account Book Four > Laboratories > Marjan Diagnostic Laboratory,مختبر مرجان للتشخيص,Organization,,Demo Vendor Alpha,23-bench diagnostic laboratory serving the southern catchment. Recorded for completeness while the onboarding order is decided.,منشأة بـ 23 منصات فحص تخدم النطاق الجنوبي. لم يُتفق على النطاق بعد.,,,,,,,,,,,,,
UHR > Demo Portfolio > Associate Directorate Beta > Account Book Four > Laboratories > Bushra Diagnostic Laboratory,,Organization,,,,,Kickoff,,,,,,,,,,testing,,
UHR > Demo Portfolio > Associate Directorate Beta > Account Book Four > Laboratories > Zahwa Laboratory,,Organization,,Demo Vendor Delta,,,Not started,,,,planned,planned,,testing,planned,,planned,planned,planned
UHR > Demo Portfolio > Associate Directorate Beta > Account Book Four > Polyclinics,المجمعات الطبية,,,,11 polyclinics in account book four.,,,,,,,,,,,,,,
UHR > Demo Portfolio > Associate Directorate Beta > Account Book Four > Polyclinics > Kanan Specialist Polyclinic,مجمع كنان الطبي التخصصي,Organization,,Demo Vendor Gamma,,,Integrating & Testing,,,planned,planned,,,,planned,planned,,,testing
UHR > Demo Portfolio > Associate Directorate Beta > Account Book Four > Polyclinics > Suhail Polyclinic,,Organization,,Demo Vendor Delta,,,Kickoff,,,planned,planned,,,testing,testing,planned,,,planned
UHR > Demo Portfolio > Associate Directorate Beta > Account Book Four > Polyclinics > Areej Polyclinic,مجمع أريج الطبي,Organization,,Demo Vendor Beta,"20-room polyclinic serving the western catchment. Contracted, with no integration work scheduled.",منشأة بـ 20 غرف تخدم النطاق الغربي. تم التعاقد ولم تُجدول أعمال التكامل.,,,,,,,,,,,,,
UHR > Demo Portfolio > Associate Directorate Beta > Account Book Four > Polyclinics > Wafeer Specialist Polyclinic,,Organization,,,15-room specialist polyclinic serving the northern catchment. On the list for this year; no work has started.,,Not started,,,planned,planned,,,,planned,,,,planned
UHR > Demo Portfolio > Associate Directorate Beta > Account Book Four > Polyclinics > Ghaf Day Surgery Polyclinic,,Organization,,Demo Vendor Gamma,37-room day surgery polyclinic serving the northern catchment. Recorded for completeness while the onboarding order is decided.,,,,,,,,,,,,,,
UHR > Demo Portfolio > Associate Directorate Beta > Account Book Four > Polyclinics > Qamar Day Surgery Polyclinic,مجمع قمر لجراحة اليوم الواحد,Organization,,Demo Vendor Beta,,,,,,,,,,,,,,,
UHR > Demo Portfolio > Associate Directorate Beta > Account Book Four > Polyclinics > Reeman Day Surgery Polyclinic,مجمع ريمان لجراحة اليوم الواحد,Organization,,Demo Vendor Gamma,,,,,,planned,planned,,,,,,,,
UHR > Demo Portfolio > Associate Directorate Beta > Account Book Four > Polyclinics > Firuz Specialist Polyclinic,,Organization,,Demo Vendor Gamma,,,Kickoff,,,planned,,,,,,,,,
UHR > Demo Portfolio > Associate Directorate Beta > Account Book Four > Polyclinics > Najma Specialist Polyclinic,مجمع نجمة الطبي التخصصي,Organization,,Demo Vendor Zeta,,,Live,,,live,live,,,,planned,,,,
UHR > Demo Portfolio > Associate Directorate Beta > Account Book Four > Polyclinics > Rimal Polyclinic,مجمع رمال الطبي,Organization,,Demo Vendor Alpha,6-room polyclinic serving the inland catchment. Scope not agreed yet; the first scoping session is being arranged. The clinical team has asked for a second training round before the next capability is switched on.,منشأة بـ 6 غرف تخدم النطاق الداخلي. لم يُتفق على النطاق بعد.,,,,testing,testing,,,planned,planned,,testing,,testing
UHR > Demo Portfolio > Associate Directorate Beta > Account Book Four > Polyclinics > Nakheel Specialist Polyclinic,مجمع نخيل الطبي التخصصي,Organization,,Demo Vendor Delta,35-room specialist polyclinic serving the southern catchment. Onboarding agreed and nothing has begun.,منشأة بـ 35 غرف تخدم النطاق الجنوبي. مدرج ضمن خطة هذا العام ولم يبدأ بعد.,Not started,,,,,,,,,,,,
UHR > Demo Portfolio > Associate Directorate Beta > Account Book Four > Imaging Centres,مراكز الأشعة,,,,11 imaging centres in account book four.,,,,,,,,,,,,,,
UHR > Demo Portfolio > Associate Directorate Beta > Account Book Four > Imaging Centres > Ghaf Imaging Centre,,Organization,,Demo Vendor Zeta,,,UAT,,,,,,,,,,,,
UHR > Demo Portfolio > Associate Directorate Beta > Account Book Four > Imaging Centres > Wameed Diagnostic Imaging Centre,مركز وميض للتشخيص بالأشعة,Organization,,Demo Vendor Beta,,,Go-live readiness,,,,,,,,,,,,
UHR > Demo Portfolio > Associate Directorate Beta > Account Book Four > Imaging Centres > Naqaa Imaging Centre,مركز نقاء للأشعة,Organization,,Demo Vendor Beta,,,,,,,planned,,,testing,planned,planned,testing,,planned
UHR > Demo Portfolio > Associate Directorate Beta > Account Book Four > Imaging Centres > Qamar Radiology Centre,,Organization,,Demo Vendor Epsilon,"9-modality radiology centre serving the coastal catchment. Contracted, with no integration work scheduled.",,,,,,,,,,,,,,
UHR > Demo Portfolio > Associate Directorate Beta > Account Book Four > Imaging Centres > Salsabeel Diagnostic Imaging Centre,,Organization,,Demo Vendor Delta,,,,,,,,,,,,,,,
UHR > Demo Portfolio > Associate Directorate Beta > Account Book Four > Imaging Centres > Shafaq Diagnostic Imaging Centre,مركز شفق للتشخيص بالأشعة,Organization,,Demo Vendor Beta,"5-modality diagnostic imaging centre serving the eastern catchment. Contracted, with no integration work scheduled.",منشأة بـ 5 أجهزة تصوير تخدم النطاق الشرقي. تم التعاقد ولم تُجدول أعمال التكامل.,,,,,,,,,,,,,
UHR > Demo Portfolio > Associate Directorate Beta > Account Book Four > Imaging Centres > Zuhal Imaging Centre,مركز زحل للأشعة,Organization,,Demo Vendor Zeta,,,,,,,,,,,,,,,
UHR > Demo Portfolio > Associate Directorate Beta > Account Book Four > Imaging Centres > Tibr Imaging Centre,مركز تبر للأشعة,Organization,,Demo Vendor Beta,,,Integrating & Testing,,,,,,,,,,,,
UHR > Demo Portfolio > Associate Directorate Beta > Account Book Four > Imaging Centres > Yaqoot Imaging Centre,,Organization,,Demo Vendor Delta,,,,,,planned,planned,,planned,,planned,testing,planned,testing,planned
UHR > Demo Portfolio > Associate Directorate Beta > Account Book Four > Imaging Centres > Sadeem Imaging Centre,,Organization,,Demo Vendor Gamma,,,Not started,,,planned,,,,,planned,planned,planned,,
UHR > Demo Portfolio > Associate Directorate Beta > Account Book Four > Imaging Centres > Yasmeen Radiology Centre,مركز ياسمين للتصوير الطبي,Organization,,Demo Vendor Delta,,,Integrating & Testing,2027-08-31,,,,,,,,,,,
UHR > Demo Portfolio > Associate Directorate Beta > Account Book Four > Pharmacies,الصيدليات,,,,10 pharmacies in account book four.,,,,,,,,,,,,,,
UHR > Demo Portfolio > Associate Directorate Beta > Account Book Four > Pharmacies > Talh Hospital Pharmacy,صيدلية طلح للمستشفيات,Organization,,Demo Vendor Epsilon,,,,,,,planned,,testing,planned,,,,,
UHR > Demo Portfolio > Associate Directorate Beta > Account Book Four > Pharmacies > Naqaa Pharmacy,,Organization,,Demo Vendor Epsilon,7-counter pharmacy serving the inland catchment. Recorded for completeness while the onboarding order is decided.,,,,,testing,planned,planned,planned,planned,,,planned,,planned
UHR > Demo Portfolio > Associate Directorate Beta > Account Book Four > Pharmacies > Basateen Pharmacy,صيدلية بساتين,Organization,,Demo Vendor Epsilon,,,,,,,,,planned,,,,,,
UHR > Demo Portfolio > Associate Directorate Beta > Account Book Four > Pharmacies > Rimal Hospital Pharmacy,صيدلية رمال للمستشفيات,Organization,,Demo Vendor Alpha,4-counter hospital pharmacy serving the northern catchment. Recorded for completeness while the onboarding order is decided.,منشأة بـ 4 نوافذ صرف تخدم النطاق الشمالي. تم التعاقد ولم تُجدول أعمال التكامل.,,,,,,,,,,,,,
UHR > Demo Portfolio > Associate Directorate Beta > Account Book Four > Pharmacies > Marjan Hospital Pharmacy,صيدلية مرجان للمستشفيات,Organization,,Demo Vendor Epsilon,,,Integrating & Testing,,,testing,testing,,testing,planned,,,,,
UHR > Demo Portfolio > Associate Directorate Beta > Account Book Four > Pharmacies > Lulwah Community Pharmacy,صيدلية لؤلوة المجتمعية,Organization,,Demo Vendor Epsilon,8-counter community pharmacy serving the coastal catchment. Testing signed off and a go-live window is being booked.,منشأة بـ 8 نوافذ صرف تخدم النطاق الساحلي. اكتمل الاختبار ويجري حجز موعد الإطلاق.,Go-live readiness,,,,live,,live,live,,,,,
UHR > Demo Portfolio > Associate Directorate Beta > Account Book Four > Pharmacies > Almas Pharmacy,صيدلية ألماس,Organization,,Demo Vendor Zeta,,,,,,,testing,,planned,testing,,,,,
UHR > Demo Portfolio > Associate Directorate Beta > Account Book Four > Pharmacies > Wafa Hospital Pharmacy,,Organization,,Demo Vendor Alpha,,,UAT,2027-02-11,,,,,,,,,,,
UHR > Demo Portfolio > Associate Directorate Beta > Account Book Four > Pharmacies > Ilham Hospital Pharmacy,,Organization,,Demo Vendor Beta,6-counter hospital pharmacy serving the southern catchment. Interfaces are being built against the sandbox.,,Integrating & Testing,,,,planned,testing,planned,planned,,,,,
UHR > Demo Portfolio > Associate Directorate Beta > Account Book Four > Pharmacies > Nasim Community Pharmacy,صيدلية نسيم المجتمعية,Organization,,Demo Vendor Zeta,2-counter community pharmacy serving the eastern catchment. Onboarding agreed and nothing has begun.,منشأة بـ 2 نوافذ صرف تخدم النطاق الشرقي. متفق على التأهيل ولم يبدأ العمل.,Not started,,,,testing,,testing,planned,,planned,,,
UHR > Demo Portfolio > Associate Directorate Beta > Account Book Five,محفظة الحسابات الخامسة,,,,58 organizations with no account manager assigned yet.,58 منشأة لم يُعيَّن لها مدير حساب بعد.,,,,,,,,,,,,,
UHR > Demo Portfolio > Associate Directorate Beta > Account Book Five > Hospitals,المستشفيات,,,,11 hospitals in account book five.,,,,,,,,,,,,,,
UHR > Demo Portfolio > Associate Directorate Beta > Account Book Five > Hospitals > Zuhal Specialist Hospital,مستشفى زحل التخصصي,Organization,,Demo Vendor Gamma,,,UAT,,,,,,,,,,,,
UHR > Demo Portfolio > Associate Directorate Beta > Account Book Five > Hospitals > Ilham General Hospital,,Organization,,,585-bed general hospital serving the eastern catchment. Recorded for completeness while the onboarding order is decided.,,,,,testing,,,,,,,,,planned
UHR > Demo Portfolio > Associate Directorate Beta > Account Book Five > Hospitals > Wadi General Hospital,,Organization,,Demo Vendor Alpha,,,Kickoff,,,planned,,,,,,,testing,,planned
UHR > Demo Portfolio > Associate Directorate Beta > Account Book Five > Hospitals > Lujain Specialist Hospital,مستشفى لجين التخصصي,Organization,,Demo Vendor Alpha,361-bed specialist hospital serving the inland catchment. On the list for this year; no work has started.,منشأة بسعة 361 سريراً تخدم النطاق الداخلي. مدرج ضمن خطة هذا العام ولم يبدأ بعد.,Not started,,,,,,,,,,,,
UHR > Demo Portfolio > Associate Directorate Beta > Account Book Five > Hospitals > Naqaa General Hospital,,Organization,,Demo Vendor Gamma,,,,,,,,,,,,,,,
UHR > Demo Portfolio > Associate Directorate Beta > Account Book Five > Hospitals > Samaa Community Hospital,,Organization,,Demo Vendor Epsilon,,,Integrating & Testing,2026-11-30,,testing,,,,,,,,,
UHR > Demo Portfolio > Associate Directorate Beta > Account Book Five > Hospitals > Nawras Maternity Hospital,,Organization,,Demo Vendor Zeta,59-bed maternity hospital serving the western catchment. Scope not agreed yet; the first scoping session is being arranged.,,,,,,,,,,,,,,
UHR > Demo Portfolio > Associate Directorate Beta > Account Book Five > Hospitals > Bareq General Hospital,,Organization,,Demo Vendor Beta,347-bed general hospital serving the western catchment. Kickoff done and the technical contacts are named on both sides.,,Kickoff,,,,,,,,,,,,
UHR > Demo Portfolio > Associate Directorate Beta > Account Book Five > Hospitals > Kahraman Specialist Hospital,مستشفى كهرمان التخصصي,Organization,,Demo Vendor Alpha,,,Not started,,,,,,,,,,,,
UHR > Demo Portfolio > Associate Directorate Beta > Account Book Five > Hospitals > Nada Community Hospital,,Organization,,Demo Vendor Beta,,,,,,,,,,,,,,,
UHR > Demo Portfolio > Associate Directorate Beta > Account Book Five > Hospitals > Suhail Community Hospital,مستشفى سهيل المجتمعي,Organization,,Demo Vendor Epsilon,,,,,,planned,,,,,,,planned,planned,planned
UHR > Demo Portfolio > Associate Directorate Beta > Account Book Five > Clinics,العيادات,,,,12 clinics in account book five.,,,,,,,,,,,,,,
UHR > Demo Portfolio > Associate Directorate Beta > Account Book Five > Clinics > Sidr Family Clinic,عيادة سدر للأسرة,Organization,,Demo Vendor Gamma,11-room family clinic serving the coastal catchment. Scope not agreed yet; the first scoping session is being arranged.,منشأة بـ 11 غرف تخدم النطاق الساحلي. تم التعاقد ولم تُجدول أعمال التكامل.,,,,testing,planned,planned,,,,,,,planned
UHR > Demo Portfolio > Associate Directorate Beta > Account Book Five > Clinics > Zuhal Dental Clinic,,Organization,,Demo Vendor Alpha,,,,,,planned,,,,,,,,,
UHR > Demo Portfolio > Associate Directorate Beta > Account Book Five > Clinics > Kadi Clinic,عيادة كادي,Organization,,Demo Vendor Epsilon,11-room clinic serving the northern catchment. Interfaces are being built against the sandbox.,منشأة بـ 11 غرف تخدم النطاق الشمالي. يجري بناء الواجهات على البيئة التجريبية.,Integrating & Testing,,,testing,planned,testing,testing,,,,testing,planned,testing
UHR > Demo Portfolio > Associate Directorate Beta > Account Book Five > Clinics > Samar Dental Clinic,,Organization,,,5-room dental clinic serving the western catchment. Interfaces are being built against the sandbox.,,Integrating & Testing,,,,,,,,,,,,
UHR > Demo Portfolio > Associate Directorate Beta > Account Book Five > Clinics > Rawnaq Family Clinic,عيادة رونق للأسرة,Organization,,,,,,,,planned,planned,planned,planned,,,testing,planned,planned,planned
UHR > Demo Portfolio > Associate Directorate Beta > Account Book Five > Clinics > Bilaur Dental Clinic,عيادة بلور للأسنان,Organization,,Demo Vendor Gamma,16-room dental clinic serving the southern catchment. Recorded for completeness while the onboarding order is decided.,منشأة بـ 16 غرف تخدم النطاق الجنوبي. تم التعاقد ولم تُجدول أعمال التكامل.,,,,,,,,,,,,,
UHR > Demo Portfolio > Associate Directorate Beta > Account Book Five > Clinics > Marj Clinic,,Organization,,Demo Vendor Zeta,14-room clinic serving the eastern catchment. Message mapping is in progress; the first end-to-end call has been made.,,Integrating & Testing,,,,,,,,,,,,
UHR > Demo Portfolio > Associate Directorate Beta > Account Book Five > Clinics > Nawras Clinic,عيادة نورس,Organization,,Demo Vendor Gamma,"13-room clinic serving the eastern catchment. Build under way, held up on the identity feed.",منشأة بـ 13 غرف تخدم النطاق الشرقي. ربط الرسائل قيد التنفيذ.,Integrating & Testing,,,planned,,,,,,,,,
UHR > Demo Portfolio > Associate Directorate Beta > Account Book Five > Clinics > Rimal Family Clinic,عيادة رمال للأسرة,Organization,,,7-room family clinic serving the western catchment. Onboarding agreed and nothing has begun.,منشأة بـ 7 غرف تخدم النطاق الغربي. متفق على التأهيل ولم يبدأ العمل.,Not started,,,,,,,,,,,,
UHR > Demo Portfolio > Associate Directorate Beta > Account Book Five > Clinics > Zahra Dental Clinic,,Organization,,Demo Vendor Delta,,,,,,testing,planned,,,,,,,,
UHR > Demo Portfolio > Associate Directorate Beta > Account Book Five > Clinics > Sahl Family Clinic,,Organization,,Demo Vendor Zeta,4-room family clinic serving the northern catchment. Kickoff done and the technical contacts are named on both sides.,,Kickoff,,,planned,planned,,,,planned,,,testing,planned
UHR > Demo Portfolio > Associate Directorate Beta > Account Book Five > Clinics > Shurooq Dental Clinic,,Organization,,Demo Vendor Delta,8-room dental clinic serving the eastern catchment. Recorded for completeness while the onboarding order is decided.,,,,,testing,testing,,,,,,,,planned
UHR > Demo Portfolio > Associate Directorate Beta > Account Book Five > Laboratories,المختبرات,,,,8 laboratories in account book five.,,,,,,,,,,,,,,
UHR > Demo Portfolio > Associate Directorate Beta > Account Book Five > Laboratories > Shurooq Diagnostic Laboratory,,Organization,,Demo Vendor Gamma,,,Integrating & Testing,,,,,,,,,,,,
UHR > Demo Portfolio > Associate Directorate Beta > Account Book Five > Laboratories > Athl Reference Laboratory,مختبر أثل المرجعي,Organization,,Demo Vendor Gamma,,,Integrating & Testing,,,,,,testing,,,planned,testing,planned,planned
UHR > Demo Portfolio > Associate Directorate Beta > Account Book Five > Laboratories > Layali Diagnostic Laboratory,مختبر ليالي للتشخيص,Organization,,Demo Vendor Delta,,,Kickoff,,,,,,,,,,planned,planned,
UHR > Demo Portfolio > Associate Directorate Beta > Account Book Five > Laboratories > Nada Laboratory,,Organization,,Demo Vendor Gamma,6-bench laboratory serving the southern catchment. In integration testing with the vendor.,,UAT,,,,,,,,,,testing,testing,
UHR > Demo Portfolio > Associate Directorate Beta > Account Book Five > Laboratories > Lamha Reference Laboratory,,Organization,,Demo Vendor Beta,,,,,,,,,planned,,,,planned,planned,planned
UHR > Demo Portfolio > Associate Directorate Beta > Account Book Five > Laboratories > Dhikra Diagnostic Laboratory,مختبر ذكرى للتشخيص,Organization,,Demo Vendor Delta,28-bench diagnostic laboratory serving the inland catchment. Recorded for completeness while the onboarding order is decided.,منشأة بـ 28 منصات فحص تخدم النطاق الداخلي. لم يُتفق على النطاق بعد.,,,,,,,,,,,planned,planned,planned
UHR > Demo Portfolio > Associate Directorate Beta > Account Book Five > Laboratories > Khuzama Diagnostic Laboratory,مختبر خزامى للتشخيص,Organization,,Demo Vendor Delta,17-bench diagnostic laboratory serving the northern catchment. Kickoff held with the vendor; the interface catalogue is being confirmed.,منشأة بـ 17 منصات فحص تخدم النطاق الشمالي. اكتمل اجتماع الانطلاق وحُددت جهات الاتصال الفنية.,Kickoff,,,,,,,,,,,,
UHR > Demo Portfolio > Associate Directorate Beta > Account Book Five > Laboratories > Anwa Laboratory,,Organization,,,"27-bench laboratory serving the eastern catchment. Live since the last release window, with support in hypercare.",,Live,,,,,,,,,,live,,
UHR > Demo Portfolio > Associate Directorate Beta > Account Book Five > Polyclinics > Nawras Polyclinic,مجمع نورس الطبي,Organization,,,,,UAT,,,testing,testing,,,,,,,,
UHR > Demo Portfolio > Associate Directorate Beta > Account Book Five > Polyclinics > Utarid Specialist Polyclinic,مجمع عطارد الطبي التخصصي,Organization,,Demo Vendor Epsilon,,,Live,,,live,planned,,,,testing,,,,
UHR > Demo Portfolio > Associate Directorate Beta > Account Book Five > Polyclinics > Sadeem Day Surgery Polyclinic,,Organization,,Demo Vendor Gamma,,,,,,planned,planned,,,,,,,,
UHR > Demo Portfolio > Associate Directorate Beta > Account Book Five > Polyclinics > Marj Day Surgery Polyclinic,مجمع مرج لجراحة اليوم الواحد,Organization,,Demo Vendor Beta,35-room day surgery polyclinic serving the western catchment. Recorded for completeness while the onboarding order is decided.,منشأة بـ 35 غرف تخدم النطاق الغربي. لم يُتفق على النطاق بعد.,,,,,,,,,,,,,
UHR > Demo Portfolio > Associate Directorate Beta > Account Book Five > Polyclinics > Falak Polyclinic,مجمع فلك الطبي,Organization,,Demo Vendor Delta,17-room polyclinic serving the western catchment. Scope not agreed yet; the first scoping session is being arranged.,منشأة بـ 17 غرف تخدم النطاق الغربي. تم التعاقد ولم تُجدول أعمال التكامل.,,,,planned,,,,,,,,,
UHR > Demo Portfolio > Associate Directorate Beta > Account Book Five > Polyclinics > Kharif Day Surgery Polyclinic,مجمع خريف لجراحة اليوم الواحد,Organization,,Demo Vendor Epsilon,13-room day surgery polyclinic serving the western catchment. Message mapping is in progress; the first end-to-end call has been made.,منشأة بـ 13 غرف تخدم النطاق الغربي. ربط الرسائل قيد التنفيذ.,Integrating & Testing,2027-03-12,,planned,,,,,,,,,
UHR > Demo Portfolio > Associate Directorate Beta > Account Book Five > Polyclinics > Ilham Day Surgery Polyclinic,,Organization,,Demo Vendor Beta,36-room day surgery polyclinic serving the eastern catchment. Recorded for completeness while the onboarding order is decided.,,,,,planned,,,,,,,,,
UHR > Demo Portfolio > Associate Directorate Beta > Account Book Five > Polyclinics > Naqaa Day Surgery Polyclinic,,Organization,,Demo Vendor Gamma,30-room day surgery polyclinic serving the southern catchment. Recorded for completeness while the onboarding order is decided.,,,,,planned,planned,,,,planned,,,,
UHR > Demo Portfolio > Associate Directorate Beta > Account Book Five > Polyclinics > Jawhara Specialist Polyclinic,مجمع جوهرة الطبي التخصصي,Organization,,Demo Vendor Zeta,16-room specialist polyclinic serving the coastal catchment. Interfaces are being built against the sandbox.,منشأة بـ 16 غرف تخدم النطاق الساحلي. يجري بناء الواجهات على البيئة التجريبية.,Integrating & Testing,,,,,,,,,,,,
UHR > Demo Portfolio > Associate Directorate Beta > Account Book Five > Polyclinics > Yaqoot Day Surgery Polyclinic,مجمع ياقوت لجراحة اليوم الواحد,Organization,,Demo Vendor Alpha,"34-room day surgery polyclinic serving the coastal catchment. Contracted, with no integration work scheduled. A second site under the same operator is expected to follow the same interface build.",منشأة بـ 34 غرف تخدم النطاق الساحلي. لم يُتفق على النطاق بعد.,,,,,,,,,,,,,
UHR > Demo Portfolio > Associate Directorate Beta > Account Book Five > Imaging Centres,مراكز الأشعة,,,,8 imaging centres in account book five.,,,,,,,,,,,,,,
UHR > Demo Portfolio > Associate Directorate Beta > Account Book Five > Imaging Centres > Sanam Radiology Centre,,Organization,,Demo Vendor Delta,2-modality radiology centre serving the northern catchment. Message mapping is in progress; the first end-to-end call has been made.,,Integrating & Testing,,,,,,,,,,,,
UHR > Demo Portfolio > Associate Directorate Beta > Account Book Five > Imaging Centres > Anwa Diagnostic Imaging Centre,مركز أنواء للتشخيص بالأشعة,Organization,,Demo Vendor Zeta,5-modality diagnostic imaging centre serving the coastal catchment. On the list for this year; no work has started.,منشأة بـ 5 أجهزة تصوير تخدم النطاق الساحلي. متفق على التأهيل ولم يبدأ العمل.,Not started,,,,,,,,planned,planned,,,
UHR > Demo Portfolio > Associate Directorate Beta > Account Book Five > Imaging Centres > Falak Radiology Centre,مركز فلك للتصوير الطبي,Organization,,Demo Vendor Zeta,9-modality radiology centre serving the western catchment. Kickoff held with the vendor; the interface catalogue is being confirmed. Two of the interfaces are shared with the reference laboratory and move together.,منشأة بـ 9 أجهزة تصوير تخدم النطاق الغربي. عُقد اجتماع الانطلاق مع المورد.,Kickoff,,,,,,,,,,,,
UHR > Demo Portfolio > Associate Directorate Beta > Account Book Five > Imaging Centres > Lulwah Imaging Centre,,Organization,,Demo Vendor Zeta,2-modality imaging centre serving the northern catchment. Message mapping is in progress; the first end-to-end call has been made.,,Integrating & Testing,,,planned,,testing,,,testing,planned,planned,,
UHR > Demo Portfolio > Associate Directorate Beta > Account Book Five > Imaging Centres > Rimal Imaging Centre,,Organization,,,,,,,,,,,,,,,,,
UHR > Demo Portfolio > Associate Directorate Beta > Account Book Five > Imaging Centres > Zaytoon Radiology Centre,مركز زيتون للتصوير الطبي,Organization,,Demo Vendor Beta,2-modality radiology centre serving the southern catchment. Paused at the site’s request until the estate work finishes.,منشأة بـ 2 أجهزة تصوير تخدم النطاق الجنوبي. موقوف بطلب من المنشأة.,Paused,,,,,,,,,,,,
UHR > Demo Portfolio > Associate Directorate Beta > Account Book Five > Imaging Centres > Zahwa Radiology Centre,مركز زهوة للتصوير الطبي,Organization,,Demo Vendor Zeta,"2-modality radiology centre serving the coastal catchment. Ready to go live, waiting on the change freeze to lift.",منشأة بـ 2 أجهزة تصوير تخدم النطاق الساحلي. اكتمل الاختبار ويجري حجز موعد الإطلاق.,Go-live readiness,2027-02-23,,,,,,,testing,,,,
UHR > Demo Portfolio > Associate Directorate Beta > Account Book Five > Imaging Centres > Nudar Radiology Centre,,Organization,,Demo Vendor Beta,5-modality radiology centre serving the western catchment. Scope not agreed yet; the first scoping session is being arranged.,,,,,,,,,,,,,,
UHR > Demo Portfolio > Associate Directorate Beta > Account Book Five > Pharmacies,الصيدليات,,,,9 pharmacies in account book five.,,,,,,,,,,,,,,
UHR > Demo Portfolio > Associate Directorate Beta > Account Book Five > Pharmacies > Kadi Community Pharmacy,صيدلية كادي المجتمعية,Organization,,Demo Vendor Epsilon,,,Not started,,,,,,,,,,,,
UHR > Demo Portfolio > Associate Directorate Beta > Account Book Five > Pharmacies > Zahra Community Pharmacy,صيدلية زهرة المجتمعية,Organization,,,3-counter community pharmacy serving the coastal catchment. Onboarding agreed and nothing has begun.,منشأة بـ 3 نوافذ صرف تخدم النطاق الساحلي. متفق على التأهيل ولم يبدأ العمل.,Not started,,,planned,planned,planned,planned,planned,,planned,,,testing
UHR > Demo Portfolio > Associate Directorate Beta > Account Book Five > Pharmacies > Aqeeq Community Pharmacy,,Organization,,Demo Vendor Alpha,,,Integrating & Testing,,,,,,planned,,,,,,
UHR > Demo Portfolio > Associate Directorate Beta > Account Book Five > Pharmacies > Areej Community Pharmacy,,Organization,,Demo Vendor Delta,,,Integrating & Testing,,,,,,,,,,,,
UHR > Demo Portfolio > Associate Directorate Beta > Account Book Five > Pharmacies > Nakheel Pharmacy,,Organization,,Demo Vendor Epsilon,8-counter pharmacy serving the eastern catchment. In integration testing with the vendor.,,UAT,,,,,,,,,,,,
UHR > Demo Portfolio > Associate Directorate Beta > Account Book Five > Pharmacies > Jumana Hospital Pharmacy,,Organization,,Demo Vendor Gamma,11-counter hospital pharmacy serving the inland catchment. Message mapping is in progress; the first end-to-end call has been made.,,Integrating & Testing,,,,,,,,,,,,
UHR > Demo Portfolio > Associate Directorate Beta > Account Book Five > Pharmacies > Falak Community Pharmacy,صيدلية فلك المجتمعية,Organization,,Demo Vendor Gamma,,,Integrating & Testing,,,,,,testing,testing,,,,,
UHR > Demo Portfolio > Associate Directorate Beta > Account Book Five > Pharmacies > Sidr Pharmacy,,Organization,,Demo Vendor Beta,"11-counter pharmacy serving the western catchment. Build under way, held up on the identity feed.",,Integrating & Testing,,,,,,,,,,,,
UHR > Demo Portfolio > Associate Directorate Beta > Account Book Five > Pharmacies > Ghuroob Community Pharmacy,صيدلية غروب المجتمعية,Organization,,Demo Vendor Epsilon,"9-counter community pharmacy serving the eastern catchment. Ready to go live, waiting on the change freeze to lift.",منشأة بـ 9 نوافذ صرف تخدم النطاق الشرقي. جاهز للإطلاق بانتظار رفع تجميد التغييرات.,Go-live readiness,,,,testing,,testing,testing,testing,,testing,,
